run_id,experiment_id,status,artifact_uri,start_time,end_time,metrics.Expected optimal HT,metrics.HcYdoT,metrics.HTcondX,metrics.VI of T and T_,metrics.Expected optimal HcYdoT,metrics.Expected optimal CIB loss,metrics.converged,metrics.penalty,metrics.diff_loss,metrics.HY,metrics.Expected optimal HTcondX,metrics.CIB loss,metrics.diff_q,metrics.HT,metrics.Final CIB loss,params.beta,params.gamma,params.eps,params.r_y,params.Expected optimal q,params.end_lr_factor,params.max iter,params.lr,params.temperature,params.Learned q,params.cooling rate,tags.mlflow.source.git.commit,tags.mlflow.source.name,tags.mlflow.source.type,tags.mlflow.user,tags.optimizer,tags.mlflow.runName,tags.loss
a164fa194ffc4679906af11e95a96cbc,482111446679317547,FINISHED,mlflow-artifacts:/482111446679317547/a164fa194ffc4679906af11e95a96cbc/artifacts,2024-09-16 11:21:09.626000+00:00,2024-09-16 11:21:13.018000+00:00,1.5612781047821045,1.7308847904205322,-0.0,0.9512049907374172,1.3517467975616455,-0.9094333648681641,1.0,0.0,0.0,2.2611801624298096,-0.0,-0.5302953720092773,0.0,1.2987949848175049,-0.5302953720092773,inf,1.0,1e-05,0.9,"tensor([[[1., 0.],
         [0., 0.]],

        [[0., 1.],
         [1., 0.]],

        [[0., 0.],
         [0., 1.]]])",1.0,1000,10.0,10.0,"tensor([[[0., 1.],
         [0., 0.]],

        [[0., 0.],
         [1., 0.]],

        [[1., 0.],
         [0., 1.]]], grad_fn=<RoundBackward1>)",0.99,fe9b6bb60db9e052295adb9c054e39b300449280,tests/optimize_cib.py,LOCAL,fsimoes,SAGD,gamma=1.0--ry=0.9,wCIB+penalty
b36b13233e1c469a8f2d8f15cfd8f1cf,482111446679317547,FINISHED,mlflow-artifacts:/482111446679317547/b36b13233e1c469a8f2d8f15cfd8f1cf/artifacts,2024-09-16 11:21:03.492000+00:00,2024-09-16 11:21:05.928000+00:00,1.5612781047821045,1.7308849096298218,-0.0,0.8401884522153056,1.3517467975616455,-0.9094333648681641,1.0,0.0,0.013910293579101562,2.2611801624298096,-0.0,-0.5302952527999878,0.11583275347948074,1.4056390523910522,-0.5302952527999878,inf,1.0,1e-05,0.9,"tensor([[[1., 0.],
         [0., 0.]],

        [[0., 1.],
         [1., 0.]],

        [[0., 0.],
         [0., 1.]]])",1.0,1000,10.0,10.0,"tensor([[[1.0000, 0.0000],
         [0.9200, 0.0000]],

        [[0.0000, 1.0000],
         [0.0800, 0.0000]],

        [[0.0000, 0.0000],
         [0.0000, 1.0000]]])",0.99,fe9b6bb60db9e052295adb9c054e39b300449280,tests/optimize_cib.py,LOCAL,fsimoes,SAGD,gamma=1.0--ry=0.9,wCIB+penalty
b8859a37f4e644a198dc0ead89fae194,482111446679317547,FINISHED,mlflow-artifacts:/482111446679317547/b8859a37f4e644a198dc0ead89fae194/artifacts,2024-09-16 11:20:57.723000+00:00,2024-09-16 11:20:59.864000+00:00,1.5612781047821045,1.7308849096298218,-0.0,0.9512051099467067,1.3517467975616455,-0.9094333648681641,1.0,0.0,0.0,2.2611801624298096,-0.0,-0.5302952527999878,0.0,1.2987949848175049,-0.5302952527999878,inf,1.0,1e-05,0.9,"tensor([[[1., 0.],
         [0., 0.]],

        [[0., 1.],
         [1., 0.]],

        [[0., 0.],
         [0., 1.]]])",1.0,1000,10.0,10.0,"tensor([[[0., 0.],
         [1., 0.]],

        [[1., 0.],
         [0., 1.]],

        [[0., 1.],
         [0., 0.]]], grad_fn=<RoundBackward1>)",0.99,fe9b6bb60db9e052295adb9c054e39b300449280,tests/optimize_cib.py,LOCAL,fsimoes,SAGD,gamma=1.0--ry=0.9,wCIB+penalty
6b4efa50286a486cb76daef263b0a4a0,482111446679317547,FINISHED,mlflow-artifacts:/482111446679317547/6b4efa50286a486cb76daef263b0a4a0/artifacts,2024-09-16 11:20:40.971000+00:00,2024-09-16 11:20:54.073000+00:00,1.5612781047821045,1.3517467975616455,-0.0,3.935405601396269e-08,1.3517467975616455,-0.9094333648681641,1.0,0.0,0.0,2.2611801624298096,-0.0,-0.9094333648681641,0.0,1.5612781047821045,-0.9094333648681641,inf,1.0,1e-05,0.9,"tensor([[[1., 0.],
         [0., 0.]],

        [[0., 1.],
         [1., 0.]],

        [[0., 0.],
         [0., 1.]]])",1.0,1000,1.0,10.0,"tensor([[[1., 0.],
         [0., 0.]],

        [[0., 1.],
         [1., 0.]],

        [[0., 0.],
         [0., 1.]]], grad_fn=<RoundBackward1>)",0.99,fe9b6bb60db9e052295adb9c054e39b300449280,tests/optimize_cib.py,LOCAL,fsimoes,SAGD,gamma=1.0--ry=0.9,wCIB+penalty
8b7aa846a0724c22be48b27a68d4c472,482111446679317547,FINISHED,mlflow-artifacts:/482111446679317547/8b7aa846a0724c22be48b27a68d4c472/artifacts,2024-09-16 11:20:23.231000+00:00,2024-09-16 11:20:37.350000+00:00,1.5612781047821045,1.3517467975616455,-0.0,3.935405601396269e-08,1.3517467975616455,-0.9094333648681641,1.0,0.0,0.0,2.2611801624298096,-0.0,-0.9094333648681641,0.0,1.5612781047821045,-0.9094333648681641,inf,1.0,1e-05,0.9,"tensor([[[1., 0.],
         [0., 0.]],

        [[0., 1.],
         [1., 0.]],

        [[0., 0.],
         [0., 1.]]])",1.0,1000,1.0,10.0,"tensor([[[0., 1.],
         [1., 0.]],

        [[1., 0.],
         [0., 0.]],

        [[0., 0.],
         [0., 1.]]], grad_fn=<RoundBackward1>)",0.99,fe9b6bb60db9e052295adb9c054e39b300449280,tests/optimize_cib.py,LOCAL,fsimoes,SAGD,gamma=1.0--ry=0.9,wCIB+penalty
0d100710f8634024a8d48e017cf62eef,482111446679317547,FINISHED,mlflow-artifacts:/482111446679317547/0d100710f8634024a8d48e017cf62eef/artifacts,2024-09-16 11:20:06.525000+00:00,2024-09-16 11:20:19.250000+00:00,1.5612781047821045,1.3517467975616455,-0.0,3.935405601396269e-08,1.3517467975616455,-0.9094333648681641,1.0,0.0,0.0,2.2611801624298096,-0.0,-0.9094333648681641,0.0,1.5612781047821045,-0.9094333648681641,inf,1.0,1e-05,0.9,"tensor([[[1., 0.],
         [0., 0.]],

        [[0., 1.],
         [1., 0.]],

        [[0., 0.],
         [0., 1.]]])",1.0,1000,1.0,10.0,"tensor([[[0., 0.],
         [0., 1.]],

        [[1., 0.],
         [0., 0.]],

        [[0., 1.],
         [1., 0.]]], grad_fn=<RoundBackward1>)",0.99,fe9b6bb60db9e052295adb9c054e39b300449280,tests/optimize_cib.py,LOCAL,fsimoes,SAGD,gamma=1.0--ry=0.9,wCIB+penalty
c70ce8fd7f254f0993eb776161f86706,482111446679317547,FINISHED,mlflow-artifacts:/482111446679317547/c70ce8fd7f254f0993eb776161f86706/artifacts,2024-09-16 11:19:55.974000+00:00,2024-09-16 11:20:02.775000+00:00,1.5612781047821045,1.3517467975616455,-0.0,3.935405601396269e-08,1.3517467975616455,-0.41529107093811035,1.0,0.0,-0.2946320027112961,2.2611801624298096,-0.0,-0.41529107093811035,0.4883148968219757,1.5612781047821045,-0.41529107093811035,4.0,0.8,1e-05,0.9,"tensor([[[1., 0.],
         [0., 0.]],

        [[0., 1.],
         [1., 0.]],

        [[0., 0.],
         [0., 1.]]])",1.0,1000,10.0,10.0,"tensor([[[0., 1.],
         [1., 0.]],

        [[1., 0.],
         [0., 0.]],

        [[0., 0.],
         [0., 1.]]])",0.99,fe9b6bb60db9e052295adb9c054e39b300449280,tests/optimize_cib.py,LOCAL,fsimoes,SAGD,gamma=0.8--ry=0.9,wCIB+penalty
2f559afcdf4c42ef9df475d605b06d18,482111446679317547,FINISHED,mlflow-artifacts:/482111446679317547/2f559afcdf4c42ef9df475d605b06d18/artifacts,2024-09-16 11:19:46.346000+00:00,2024-09-16 11:19:52.274000+00:00,1.5612781047821045,1.3517467975616455,-0.0,3.935405601396269e-08,1.3517467975616455,-0.41529107093811035,1.0,0.0,-0.2946320027112961,2.2611801624298096,-0.0,-0.41529107093811035,0.4883148968219757,1.5612781047821045,-0.41529107093811035,4.0,0.8,1e-05,0.9,"tensor([[[1., 0.],
         [0., 0.]],

        [[0., 1.],
         [1., 0.]],

        [[0., 0.],
         [0., 1.]]])",1.0,1000,10.0,10.0,"tensor([[[1., 0.],
         [0., 0.]],

        [[0., 0.],
         [0., 1.]],

        [[0., 1.],
         [1., 0.]]])",0.99,fe9b6bb60db9e052295adb9c054e39b300449280,tests/optimize_cib.py,LOCAL,fsimoes,SAGD,gamma=0.8--ry=0.9,wCIB+penalty
be3efb984450449f9b0881ed124830c9,482111446679317547,FINISHED,mlflow-artifacts:/482111446679317547/be3efb984450449f9b0881ed124830c9/artifacts,2024-09-16 11:19:33.863000+00:00,2024-09-16 11:19:42.679000+00:00,1.5612781047821045,1.3517467975616455,-0.0,3.93540564580519e-08,1.3517467975616455,-0.41529107093811035,1.0,0.0,-0.2946320027112961,2.2611801624298096,-0.0,-0.41529107093811035,0.4883148968219757,1.5612781047821045,-0.41529107093811035,4.0,0.8,1e-05,0.9,"tensor([[[1., 0.],
         [0., 0.]],

        [[0., 1.],
         [1., 0.]],

        [[0., 0.],
         [0., 1.]]])",1.0,1000,10.0,10.0,"tensor([[[0., 1.],
         [1., 0.]],

        [[0., 0.],
         [0., 1.]],

        [[1., 0.],
         [0., 0.]]])",0.99,fe9b6bb60db9e052295adb9c054e39b300449280,tests/optimize_cib.py,LOCAL,fsimoes,SAGD,gamma=0.8--ry=0.9,wCIB+penalty
9f962a74e8c044b692ab5bd48fa04eef,482111446679317547,FINISHED,mlflow-artifacts:/482111446679317547/9f962a74e8c044b692ab5bd48fa04eef/artifacts,2024-09-16 11:19:13.523000+00:00,2024-09-16 11:19:30.176000+00:00,1.5612781047821045,1.3629895448684692,0.026410255581140518,0.05491070028446554,1.3517467975616455,-0.41529107093811035,1.0,0.004664843436330557,-0.0001182258129119873,2.2611801624298096,-0.0,-0.4073322117328644,0.019655289128422737,1.559187650680542,-0.4073322117328644,4.0,0.8,1e-05,0.9,"tensor([[[1., 0.],
         [0., 0.]],

        [[0., 1.],
         [1., 0.]],

        [[0., 0.],
         [0., 1.]]])",1.0,1000,1.0,10.0,"tensor([[[0.0000, 1.0000],
         [1.0000, 0.0000]],

        [[0.9900, 0.0000],
         [0.0000, 0.0000]],

        [[0.0100, 0.0000],
         [0.0000, 1.0000]]])",0.99,fe9b6bb60db9e052295adb9c054e39b300449280,tests/optimize_cib.py,LOCAL,fsimoes,SAGD,gamma=0.8--ry=0.9,wCIB+penalty
2d7c07ae7452495b918215db44090e6c,482111446679317547,FINISHED,mlflow-artifacts:/482111446679317547/2d7c07ae7452495b918215db44090e6c/artifacts,2024-09-16 11:18:55.017000+00:00,2024-09-16 11:19:09.786000+00:00,1.5612781047821045,1.3631374835968018,0.026414476335048676,0.054910945572512304,1.3517467975616455,-0.41529107093811035,1.0,0.004665749613195658,0.00011843442916870117,2.2611801624298096,-0.0,-0.40721386671066284,0.019655287265777588,1.5591871738433838,-0.40721386671066284,4.0,0.8,1e-05,0.9,"tensor([[[1., 0.],
         [0., 0.]],

        [[0., 1.],
         [1., 0.]],

        [[0., 0.],
         [0., 1.]]])",1.0,1000,1.0,10.0,"tensor([[[0.0100, 0.0000],
         [0.0000, 1.0000]],

        [[0.9900, 0.0000],
         [0.0000, 0.0000]],

        [[0.0000, 1.0000],
         [1.0000, 0.0000]]])",0.99,fe9b6bb60db9e052295adb9c054e39b300449280,tests/optimize_cib.py,LOCAL,fsimoes,SAGD,gamma=0.8--ry=0.9,wCIB+penalty
98b027f736a84f1e8bbaf60d8dfe7f54,482111446679317547,FINISHED,mlflow-artifacts:/482111446679317547/98b027f736a84f1e8bbaf60d8dfe7f54/artifacts,2024-09-16 11:18:38.994000+00:00,2024-09-16 11:18:51.318000+00:00,1.5612781047821045,1.3517467975616455,-0.0,3.93540564580519e-08,1.3517467975616455,-0.41529107093811035,1.0,0.0,-0.023999452590942383,2.2611801624298096,-0.0,-0.41529107093811035,0.048831481486558914,1.5612781047821045,-0.41529107093811035,4.0,0.8,1e-05,0.9,"tensor([[[1., 0.],
         [0., 0.]],

        [[0., 1.],
         [1., 0.]],

        [[0., 0.],
         [0., 1.]]])",1.0,1000,1.0,10.0,"tensor([[[0., 1.],
         [1., 0.]],

        [[0., 0.],
         [0., 1.]],

        [[1., 0.],
         [0., 0.]]])",0.99,fe9b6bb60db9e052295adb9c054e39b300449280,tests/optimize_cib.py,LOCAL,fsimoes,SAGD,gamma=0.8--ry=0.9,wCIB+penalty
50256bdf04324a57bca36597dbca6b95,482111446679317547,FINISHED,mlflow-artifacts:/482111446679317547/50256bdf04324a57bca36597dbca6b95/artifacts,2024-09-16 11:18:32.212000+00:00,2024-09-16 11:18:35.314000+00:00,1.5612781047821045,1.7308849096298218,-0.0,0.688721934571952,1.3517467975616455,0.07885122299194336,1.0,0.0,-0.08814933896064758,2.2611801624298096,-0.0,0.30633407831192017,2.5846519470214844,1.5612781047821045,0.30633407831192017,1.5,0.6,1e-05,0.9,"tensor([[[1., 0.],
         [0., 0.]],

        [[0., 1.],
         [1., 0.]],

        [[0., 0.],
         [0., 1.]]])",1.0,1000,10.0,10.0,"tensor([[[1., 1.],
         [0., 0.]],

        [[0., 0.],
         [0., 1.]],

        [[0., 0.],
         [1., 0.]]])",0.99,fe9b6bb60db9e052295adb9c054e39b300449280,tests/optimize_cib.py,LOCAL,fsimoes,SAGD,gamma=0.6--ry=0.9,wCIB+penalty
be5712a34e004d7182023c401304eaee,482111446679317547,FINISHED,mlflow-artifacts:/482111446679317547/be5712a34e004d7182023c401304eaee/artifacts,2024-09-16 11:18:23.296000+00:00,2024-09-16 11:18:28.521000+00:00,1.5612781047821045,1.7308849096298218,-0.0,0.688721934571952,1.3517467975616455,0.07885122299194336,1.0,0.0,-0.08814933896064758,2.2611801624298096,-0.0,0.30633407831192017,2.5846519470214844,1.5612781047821045,0.30633407831192017,1.5,0.6,1e-05,0.9,"tensor([[[1., 0.],
         [0., 0.]],

        [[0., 1.],
         [1., 0.]],

        [[0., 0.],
         [0., 1.]]])",1.0,1000,10.0,10.0,"tensor([[[1., 1.],
         [0., 0.]],

        [[0., 0.],
         [0., 1.]],

        [[0., 0.],
         [1., 0.]]])",0.99,fe9b6bb60db9e052295adb9c054e39b300449280,tests/optimize_cib.py,LOCAL,fsimoes,SAGD,gamma=0.6--ry=0.9,wCIB+penalty
7dbcfdb8d38b4984ac4ea7ba03018826,482111446679317547,FINISHED,mlflow-artifacts:/482111446679317547/7dbcfdb8d38b4984ac4ea7ba03018826/artifacts,2024-09-16 11:18:16.037000+00:00,2024-09-16 11:18:19.564000+00:00,1.5612781047821045,1.7308849096298218,-0.0,0.688721934571952,1.3517467975616455,0.07885122299194336,1.0,0.0,-0.08814933896064758,2.2611801624298096,-0.0,0.30633407831192017,2.5846519470214844,1.5612781047821045,0.30633407831192017,1.5,0.6,1e-05,0.9,"tensor([[[1., 0.],
         [0., 0.]],

        [[0., 1.],
         [1., 0.]],

        [[0., 0.],
         [0., 1.]]])",1.0,1000,10.0,10.0,"tensor([[[1., 1.],
         [0., 0.]],

        [[0., 0.],
         [0., 1.]],

        [[0., 0.],
         [1., 0.]]])",0.99,fe9b6bb60db9e052295adb9c054e39b300449280,tests/optimize_cib.py,LOCAL,fsimoes,SAGD,gamma=0.6--ry=0.9,wCIB+penalty
8c9f62101d7d45c9b412ff0a1a09add5,482111446679317547,FINISHED,mlflow-artifacts:/482111446679317547/8c9f62101d7d45c9b412ff0a1a09add5/artifacts,2024-09-16 11:17:45.497000+00:00,2024-09-16 11:18:12.270000+00:00,1.5612781047821045,1.7787364721298218,0.5015537738800049,1.2010942660317747,1.3517467975616455,0.07885122299194336,0.0,0.0,-0.00033724308013916016,2.2611801624298096,-0.0,0.05524888634681702,0.014814557507634163,1.3633415699005127,0.05524888634681702,1.5,0.6,1e-05,0.9,"tensor([[[1., 0.],
         [0., 0.]],

        [[0., 1.],
         [1., 0.]],

        [[0., 0.],
         [0., 1.]]])",1.0,1000,1.0,10.0,"tensor([[[0.0400, 0.5000],
         [0.4900, 0.0000]],

        [[0.9200, 0.0000],
         [0.0000, 1.0000]],

        [[0.0400, 0.5000],
         [0.5100, 0.0000]]], grad_fn=<RoundBackward1>)",0.99,fe9b6bb60db9e052295adb9c054e39b300449280,tests/optimize_cib.py,LOCAL,fsimoes,SAGD,gamma=0.6--ry=0.9,wCIB+penalty
16f394a8fd974c63b202000b9679f497,482111446679317547,FINISHED,mlflow-artifacts:/482111446679317547/16f394a8fd974c63b202000b9679f497/artifacts,2024-09-16 11:17:14.603000+00:00,2024-09-16 11:17:41.653000+00:00,1.5612781047821045,1.8467106819152832,0.6303006410598755,1.419936402240963,1.3517467975616455,0.07885122299194336,0.0,0.0,0.004734337329864502,2.2611801624298096,-0.0,0.05997857451438904,0.09940779209136963,1.4019513130187988,0.05997857451438904,1.5,0.6,1e-05,0.9,"tensor([[[1., 0.],
         [0., 0.]],

        [[0., 1.],
         [1., 0.]],

        [[0., 0.],
         [0., 1.]]])",1.0,1000,1.0,10.0,"tensor([[[0.0400, 0.5100],
         [0.5100, 0.0000]],

        [[0.9200, 0.0000],
         [0.0000, 0.9300]],

        [[0.0400, 0.4900],
         [0.4900, 0.0700]]], grad_fn=<RoundBackward1>)",0.99,fe9b6bb60db9e052295adb9c054e39b300449280,tests/optimize_cib.py,LOCAL,fsimoes,SAGD,gamma=0.6--ry=0.9,wCIB+penalty
7ab0ade9eef44752bb7d591a4adf46f7,482111446679317547,FINISHED,mlflow-artifacts:/482111446679317547/7ab0ade9eef44752bb7d591a4adf46f7/artifacts,2024-09-16 11:16:44.118000+00:00,2024-09-16 11:17:10.696000+00:00,1.5612781047821045,1.9531645774841309,0.8306766152381897,1.7618222103007621,1.3517467975616455,0.07885122299194336,0.0,0.0,-0.0020905733108520508,2.2611801624298096,-0.0,0.06725379824638367,0.02956579253077507,1.4608345031738281,0.06725379824638367,1.5,0.6,1e-05,0.9,"tensor([[[1., 0.],
         [0., 0.]],

        [[0., 1.],
         [1., 0.]],

        [[0., 0.],
         [0., 1.]]])",1.0,1000,1.0,10.0,"tensor([[[0.7800, 0.0000],
         [0.0000, 0.8900]],

        [[0.0800, 0.4600],
         [0.4500, 0.0200]],

        [[0.1400, 0.5400],
         [0.5500, 0.0900]]], grad_fn=<RoundBackward1>)",0.99,fe9b6bb60db9e052295adb9c054e39b300449280,tests/optimize_cib.py,LOCAL,fsimoes,SAGD,gamma=0.6--ry=0.9,wCIB+penalty
eb21a519a86e4d529c9657bc4cb9d43c,482111446679317547,FINISHED,mlflow-artifacts:/482111446679317547/eb21a519a86e4d529c9657bc4cb9d43c/artifacts,2024-09-16 11:16:36.618000+00:00,2024-09-16 11:16:40.201000+00:00,1.5612781047821045,1.8017466068267822,-0.0,0.9512049907374172,1.3517467975616455,0.5729935765266418,1.0,0.0,-0.06138414144515991,2.2611801624298096,-0.0,0.595503568649292,2.698406457901001,1.2987949848175049,0.595503568649292,0.6666666269302368,0.4,1e-05,0.9,"tensor([[[1., 0.],
         [0., 0.]],

        [[0., 1.],
         [1., 0.]],

        [[0., 0.],
         [0., 1.]]])",1.0,1000,10.0,10.0,"tensor([[[1., 0.],
         [0., 0.]],

        [[0., 1.],
         [0., 0.]],

        [[0., 0.],
         [1., 1.]]])",0.99,fe9b6bb60db9e052295adb9c054e39b300449280,tests/optimize_cib.py,LOCAL,fsimoes,SAGD,gamma=0.4--ry=0.9,wCIB+penalty
f9c227a3e2b54a41a69f02f7273d315f,482111446679317547,FINISHED,mlflow-artifacts:/482111446679317547/f9c227a3e2b54a41a69f02f7273d315f/artifacts,2024-09-16 11:16:28.967000+00:00,2024-09-16 11:16:32.977000+00:00,1.5612781047821045,1.8017466068267822,-0.0,0.750000019677028,1.3517467975616455,0.5729935765266418,1.0,0.0,-0.0010933876037597656,2.2611801624298096,-0.0,0.7162265777587891,2.6519200801849365,1.5,0.7162265777587891,0.6666666269302368,0.4,1e-05,0.9,"tensor([[[1., 0.],
         [0., 0.]],

        [[0., 1.],
         [1., 0.]],

        [[0., 0.],
         [0., 1.]]])",1.0,1000,10.0,10.0,"tensor([[[0., 0.],
         [1., 0.]],

        [[0., 1.],
         [0., 1.]],

        [[1., 0.],
         [0., 0.]]])",0.99,fe9b6bb60db9e052295adb9c054e39b300449280,tests/optimize_cib.py,LOCAL,fsimoes,SAGD,gamma=0.4--ry=0.9,wCIB+penalty
a46b4c8940dc41adb43a07169e0aaedb,482111446679317547,FINISHED,mlflow-artifacts:/482111446679317547/a46b4c8940dc41adb43a07169e0aaedb/artifacts,2024-09-16 11:16:19.158000+00:00,2024-09-16 11:16:25.334000+00:00,1.5612781047821045,1.7308849096298218,-0.0,0.8443609771244898,1.3517467975616455,0.5729935765266418,1.0,0.0,-0.063565194606781,2.2611801624298096,-0.0,0.63126540184021,2.722810745239258,1.4056390523910522,0.63126540184021,0.6666666269302368,0.4,1e-05,0.9,"tensor([[[1., 0.],
         [0., 0.]],

        [[0., 1.],
         [1., 0.]],

        [[0., 0.],
         [0., 1.]]])",1.0,1000,10.0,10.0,"tensor([[[0., 0.],
         [0., 1.]],

        [[1., 0.],
         [1., 0.]],

        [[0., 1.],
         [0., 0.]]])",0.99,fe9b6bb60db9e052295adb9c054e39b300449280,tests/optimize_cib.py,LOCAL,fsimoes,SAGD,gamma=0.4--ry=0.9,wCIB+penalty
1794197654e3438d9f05ea0e1eded1d9,482111446679317547,FINISHED,mlflow-artifacts:/482111446679317547/1794197654e3438d9f05ea0e1eded1d9/artifacts,2024-09-16 11:15:58.007000+00:00,2024-09-16 11:16:15.485000+00:00,1.5612781047821045,2.5295848846435547,1.5260140895843506,3.0872923163585826,1.3517467975616455,0.5729935765266418,1.0,0.0,-2.384185791015625e-07,2.2611801624298096,-0.0,0.10736189037561417,8.781576980254613e-06,1.5260140895843506,0.10736189037561417,0.6666666269302368,0.4,1e-05,0.9,"tensor([[[1., 0.],
         [0., 0.]],

        [[0., 1.],
         [1., 0.]],

        [[0., 0.],
         [0., 1.]]])",1.0,1000,1.0,10.0,"tensor([[[0.2800, 0.2800],
         [0.2800, 0.2800]],

        [[0.4700, 0.4700],
         [0.4700, 0.4700]],

        [[0.2500, 0.2500],
         [0.2500, 0.2500]]], grad_fn=<RoundBackward1>)",0.99,fe9b6bb60db9e052295adb9c054e39b300449280,tests/optimize_cib.py,LOCAL,fsimoes,SAGD,gamma=0.4--ry=0.9,wCIB+penalty
aa3ee70884664414a4ea3c9c2d34f53f,482111446679317547,FINISHED,mlflow-artifacts:/482111446679317547/aa3ee70884664414a4ea3c9c2d34f53f/artifacts,2024-09-16 11:15:36.673000+00:00,2024-09-16 11:15:54.348000+00:00,1.5612781047821045,2.5295848846435547,1.549504041671753,3.110782119583975,1.3517467975616455,0.5729935765266418,1.0,0.0,-1.4901161193847656e-07,2.2611801624298096,-0.0,0.1073618158698082,9.702154784463346e-06,1.5495039224624634,0.1073618158698082,0.6666666269302368,0.4,1e-05,0.9,"tensor([[[1., 0.],
         [0., 0.]],

        [[0., 1.],
         [1., 0.]],

        [[0., 0.],
         [0., 1.]]])",1.0,1000,1.0,10.0,"tensor([[[0.4400, 0.4400],
         [0.4400, 0.4400]],

        [[0.2700, 0.2700],
         [0.2700, 0.2700]],

        [[0.2900, 0.2900],
         [0.2900, 0.2900]]], grad_fn=<RoundBackward1>)",0.99,fe9b6bb60db9e052295adb9c054e39b300449280,tests/optimize_cib.py,LOCAL,fsimoes,SAGD,gamma=0.4--ry=0.9,wCIB+penalty
2f8708e5a194449a988eddd54f59a922,482111446679317547,FINISHED,mlflow-artifacts:/482111446679317547/2f8708e5a194449a988eddd54f59a922/artifacts,2024-09-16 11:15:15.643000+00:00,2024-09-16 11:15:33.018000+00:00,1.5612781047821045,2.5295848846435547,1.5122661590576172,3.0735441357744477,1.3517467975616455,0.5729935765266418,1.0,0.0,-2.384185791015625e-07,2.2611801624298096,-0.0,0.10736174881458282,9.543166925141122e-06,1.512265920639038,0.10736174881458282,0.6666666269302368,0.4,1e-05,0.9,"tensor([[[1., 0.],
         [0., 0.]],

        [[0., 1.],
         [1., 0.]],

        [[0., 0.],
         [0., 1.]]])",1.0,1000,1.0,10.0,"tensor([[[0.4900, 0.4900],
         [0.4900, 0.4900]],

        [[0.2500, 0.2500],
         [0.2500, 0.2500]],

        [[0.2600, 0.2600],
         [0.2600, 0.2600]]], grad_fn=<RoundBackward1>)",0.99,fe9b6bb60db9e052295adb9c054e39b300449280,tests/optimize_cib.py,LOCAL,fsimoes,SAGD,gamma=0.4--ry=0.9,wCIB+penalty
766da94fbee042b6acfcb0ada447effe,482111446679317547,FINISHED,mlflow-artifacts:/482111446679317547/766da94fbee042b6acfcb0ada447effe/artifacts,2024-09-16 11:15:07.053000+00:00,2024-09-16 11:15:11.956000+00:00,1.5612781047821045,1.7308847904205322,-0.0,2.2353041329868897,1.3517467975616455,1.0671358108520508,1.0,0.0,0.4466301202774048,2.2611801624298096,-0.0,1.1429634094238281,2.5945980548858643,1.5612781047821045,1.1429634094238281,0.25,0.2,1e-05,0.9,"tensor([[[1., 0.],
         [0., 0.]],

        [[0., 1.],
         [1., 0.]],

        [[0., 0.],
         [0., 1.]]])",1.0,1000,10.0,10.0,"tensor([[[0.5600, 0.0900],
         [0.0700, 0.0000]],

        [[0.4400, 0.9100],
         [0.0000, 0.4100]],

        [[0.0000, 0.0000],
         [0.9300, 0.5900]]])",0.99,fe9b6bb60db9e052295adb9c054e39b300449280,tests/optimize_cib.py,LOCAL,fsimoes,SAGD,gamma=0.2--ry=0.9,wCIB+penalty
9c342f3a4ffd4d3f88471ce0cee4ae87,482111446679317547,FINISHED,mlflow-artifacts:/482111446679317547/9c342f3a4ffd4d3f88471ce0cee4ae87/artifacts,2024-09-16 11:14:59.555000+00:00,2024-09-16 11:15:03.402000+00:00,1.5612781047821045,1.8017466068267822,-0.0,2.1004008251724633,1.3517467975616455,1.0671358108520508,1.0,0.0,0.20964711904525757,2.2611801624298096,-0.0,0.9471493363380432,2.6261754035949707,1.2987949848175049,0.9471493363380432,0.25,0.2,1e-05,0.9,"tensor([[[1., 0.],
         [0., 0.]],

        [[0., 1.],
         [1., 0.]],

        [[0., 0.],
         [0., 1.]]])",1.0,1000,10.0,10.0,"tensor([[[0.0000, 0.0000],
         [0.1500, 0.6600]],

        [[0.2700, 0.0000],
         [0.8500, 0.3400]],

        [[0.7300, 1.0000],
         [0.0000, 0.0000]]])",0.99,fe9b6bb60db9e052295adb9c054e39b300449280,tests/optimize_cib.py,LOCAL,fsimoes,SAGD,gamma=0.2--ry=0.9,wCIB+penalty
a4b60508bae24237b76123d576630e8a,482111446679317547,FINISHED,mlflow-artifacts:/482111446679317547/a4b60508bae24237b76123d576630e8a/artifacts,2024-09-16 11:14:48.913000+00:00,2024-09-16 11:14:55.937000+00:00,1.5612781047821045,1.8017466068267822,-0.0,0.750000019677028,1.3517467975616455,1.0671358108520508,1.0,0.0,0.0,2.2611801624298096,-0.0,1.1081132888793945,0.0,1.5,1.1081132888793945,0.25,0.2,1e-05,0.9,"tensor([[[1., 0.],
         [0., 0.]],

        [[0., 1.],
         [1., 0.]],

        [[0., 0.],
         [0., 1.]]])",1.0,1000,10.0,10.0,"tensor([[[0., 1.],
         [0., 1.]],

        [[0., 0.],
         [1., 0.]],

        [[1., 0.],
         [0., 0.]]])",0.99,fe9b6bb60db9e052295adb9c054e39b300449280,tests/optimize_cib.py,LOCAL,fsimoes,SAGD,gamma=0.2--ry=0.9,wCIB+penalty
0039202b5d5d466d948d959d1cfaa831,482111446679317547,FINISHED,mlflow-artifacts:/482111446679317547/0039202b5d5d466d948d959d1cfaa831/artifacts,2024-09-16 11:14:29.783000+00:00,2024-09-16 11:14:45.250000+00:00,1.5612781047821045,2.5295848846435547,1.5599324703216553,3.121210652454229,1.3517467975616455,1.0671358108520508,1.0,0.0,-1.4528632164001465e-07,2.2611801624298096,-0.0,0.05368094518780708,8.722819984541275e-06,1.5599324703216553,0.05368094518780708,0.25,0.2,1e-05,0.9,"tensor([[[1., 0.],
         [0., 0.]],

        [[0., 1.],
         [1., 0.]],

        [[0., 0.],
         [0., 1.]]])",1.0,1000,1.0,10.0,"tensor([[[0.2600, 0.2600],
         [0.2600, 0.2600]],

        [[0.3200, 0.3200],
         [0.3200, 0.3200]],

        [[0.4100, 0.4100],
         [0.4100, 0.4100]]], grad_fn=<RoundBackward1>)",0.99,fe9b6bb60db9e052295adb9c054e39b300449280,tests/optimize_cib.py,LOCAL,fsimoes,SAGD,gamma=0.2--ry=0.9,wCIB+penalty
f5cc20cdfd6244b8859fd6266fa5baec,482111446679317547,FINISHED,mlflow-artifacts:/482111446679317547/f5cc20cdfd6244b8859fd6266fa5baec/artifacts,2024-09-16 11:14:13.777000+00:00,2024-09-16 11:14:26.184000+00:00,1.5612781047821045,2.5295848846435547,1.560351848602295,3.1216300527113114,1.3517467975616455,1.0671358108520508,1.0,0.0,-4.842877388000488e-08,2.2611801624298096,-0.0,0.05368094518780708,9.576984666637145e-06,1.560351848602295,0.05368094518780708,0.25,0.2,1e-05,0.9,"tensor([[[1., 0.],
         [0., 0.]],

        [[0., 1.],
         [1., 0.]],

        [[0., 0.],
         [0., 1.]]])",1.0,1000,1.0,10.0,"tensor([[[0.3400, 0.3400],
         [0.3400, 0.3400]],

        [[0.4100, 0.4100],
         [0.4100, 0.4100]],

        [[0.2600, 0.2600],
         [0.2600, 0.2600]]], grad_fn=<RoundBackward1>)",0.99,fe9b6bb60db9e052295adb9c054e39b300449280,tests/optimize_cib.py,LOCAL,fsimoes,SAGD,gamma=0.2--ry=0.9,wCIB+penalty
dedf58cfc9324366948c10da120c6b9c,482111446679317547,FINISHED,mlflow-artifacts:/482111446679317547/dedf58cfc9324366948c10da120c6b9c/artifacts,2024-09-16 11:13:56.706000+00:00,2024-09-16 11:14:10.078000+00:00,1.5612781047821045,2.529585123062134,1.5725395679473877,3.133817677113605,1.3517467975616455,1.0671358108520508,1.0,0.0,2.421438694000244e-07,2.2611801624298096,-0.0,0.05368109047412872,8.50076958158752e-06,1.5725396871566772,0.05368109047412872,0.25,0.2,1e-05,0.9,"tensor([[[1., 0.],
         [0., 0.]],

        [[0., 1.],
         [1., 0.]],

        [[0., 0.],
         [0., 1.]]])",1.0,1000,1.0,10.0,"tensor([[[0.3300, 0.3300],
         [0.3300, 0.3300]],

        [[0.2800, 0.2800],
         [0.2800, 0.2800]],

        [[0.3900, 0.3900],
         [0.3900, 0.3900]]], grad_fn=<RoundBackward1>)",0.99,fe9b6bb60db9e052295adb9c054e39b300449280,tests/optimize_cib.py,LOCAL,fsimoes,SAGD,gamma=0.2--ry=0.9,wCIB+penalty
fc68ffc5ff8d45138374093e6260682e,482111446679317547,FINISHED,mlflow-artifacts:/482111446679317547/fc68ffc5ff8d45138374093e6260682e/artifacts,2024-09-16 11:13:50.531000+00:00,2024-09-16 11:13:53.026000+00:00,1.5612781047821045,1.7308847904205322,-0.0,2.1719353086737296,1.3517467975616455,1.5612781047821045,1.0,0.0,0.6989539265632629,2.2611801624298096,-0.0,1.2987949848175049,2.4774768352508545,1.2987949848175049,1.2987949848175049,0.0,0.0,1e-05,0.9,"tensor([[[1., 0.],
         [0., 0.]],

        [[0., 1.],
         [1., 0.]],

        [[0., 0.],
         [0., 1.]]])",1.0,1000,10.0,10.0,"tensor([[[0.5900, 0.4400],
         [0.0000, 0.6300]],

        [[0.4100, 0.0000],
         [0.3000, 0.3700]],

        [[0.0000, 0.5600],
         [0.7000, 0.0000]]])",0.99,fe9b6bb60db9e052295adb9c054e39b300449280,tests/optimize_cib.py,LOCAL,fsimoes,SAGD,gamma=0.0--ry=0.9,wCIB+penalty
5ecdabcd04394714acc04a25a55c2f90,482111446679317547,FINISHED,mlflow-artifacts:/482111446679317547/5ecdabcd04394714acc04a25a55c2f90/artifacts,2024-09-16 11:13:44.813000+00:00,2024-09-16 11:13:46.833000+00:00,1.5612781047821045,1.7308849096298218,-0.0,2.171935438463735,1.3517467975616455,1.5612781047821045,1.0,0.0,0.6989538669586182,2.2611801624298096,-0.0,1.2987949848175049,2.4774768352508545,1.2987949848175049,1.2987949848175049,0.0,0.0,1e-05,0.9,"tensor([[[1., 0.],
         [0., 0.]],

        [[0., 1.],
         [1., 0.]],

        [[0., 0.],
         [0., 1.]]])",1.0,1000,10.0,10.0,"tensor([[[0.0000, 0.5600],
         [0.7000, 0.0000]],

        [[0.4100, 0.0000],
         [0.3000, 0.3700]],

        [[0.5900, 0.4400],
         [0.0000, 0.6300]]])",0.99,fe9b6bb60db9e052295adb9c054e39b300449280,tests/optimize_cib.py,LOCAL,fsimoes,SAGD,gamma=0.0--ry=0.9,wCIB+penalty
f218948baabf4a20a219340fed77c264,482111446679317547,FINISHED,mlflow-artifacts:/482111446679317547/f218948baabf4a20a219340fed77c264/artifacts,2024-09-16 11:13:36.252000+00:00,2024-09-16 11:13:41.148000+00:00,1.5612781047821045,1.3517467975616455,-0.0,1.9609357266464267,1.3517467975616455,1.5612781047821045,1.0,0.0,0.9685642719268799,2.2611801624298096,-0.0,1.5612781047821045,2.4529638290405273,1.5612781047821045,1.5612781047821045,0.0,0.0,1e-05,0.9,"tensor([[[1., 0.],
         [0., 0.]],

        [[0., 1.],
         [1., 0.]],

        [[0., 0.],
         [0., 1.]]])",1.0,1000,10.0,10.0,"tensor([[[0.5000, 0.5200],
         [0.5500, 0.0000]],

        [[0.5000, 0.0000],
         [0.0000, 0.5700]],

        [[0.0000, 0.4800],
         [0.4500, 0.4300]]])",0.99,fe9b6bb60db9e052295adb9c054e39b300449280,tests/optimize_cib.py,LOCAL,fsimoes,SAGD,gamma=0.0--ry=0.9,wCIB+penalty
f794e7e6d82f49229b9fe06225c3e872,482111446679317547,FINISHED,mlflow-artifacts:/482111446679317547/f794e7e6d82f49229b9fe06225c3e872/artifacts,2024-09-16 11:13:16.840000+00:00,2024-09-16 11:13:32.092000+00:00,1.5612781047821045,2.529585123062134,1.5770517587661743,3.1383300697595713,1.3517467975616455,1.5612781047821045,1.0,0.0,2.384185791015625e-07,2.2611801624298096,-0.0,1.1920928955078125e-07,7.823776286386419e-06,1.5770518779754639,1.1920928955078125e-07,0.0,0.0,1e-05,0.9,"tensor([[[1., 0.],
         [0., 0.]],

        [[0., 1.],
         [1., 0.]],

        [[0., 0.],
         [0., 1.]]])",1.0,1000,1.0,10.0,"tensor([[[0.3300, 0.3300],
         [0.3300, 0.3300]],

        [[0.3800, 0.3800],
         [0.3800, 0.3800]],

        [[0.2900, 0.2900],
         [0.2900, 0.2900]]], grad_fn=<RoundBackward1>)",0.99,fe9b6bb60db9e052295adb9c054e39b300449280,tests/optimize_cib.py,LOCAL,fsimoes,SAGD,gamma=0.0--ry=0.9,wCIB+penalty
ccd70e3ba2df4dfb9715709827fc1cab,482111446679317547,FINISHED,mlflow-artifacts:/482111446679317547/ccd70e3ba2df4dfb9715709827fc1cab/artifacts,2024-09-16 11:12:57.534000+00:00,2024-09-16 11:13:13.167000+00:00,1.5612781047821045,2.5295848846435547,1.5789892673492432,3.1402672899810185,1.3517467975616455,1.5612781047821045,1.0,0.0,2.384185791015625e-07,2.2611801624298096,-0.0,0.0,5.4115635066409595e-06,1.5789892673492432,0.0,0.0,0.0,1e-05,0.9,"tensor([[[1., 0.],
         [0., 0.]],

        [[0., 1.],
         [1., 0.]],

        [[0., 0.],
         [0., 1.]]])",1.0,1000,1.0,10.0,"tensor([[[0.3800, 0.3800],
         [0.3800, 0.3800]],

        [[0.3100, 0.3100],
         [0.3100, 0.3100]],

        [[0.3100, 0.3100],
         [0.3100, 0.3100]]], grad_fn=<RoundBackward1>)",0.99,fe9b6bb60db9e052295adb9c054e39b300449280,tests/optimize_cib.py,LOCAL,fsimoes,SAGD,gamma=0.0--ry=0.9,wCIB+penalty
65174e38f23a4917aec6a4abd9f412e7,482111446679317547,FINISHED,mlflow-artifacts:/482111446679317547/65174e38f23a4917aec6a4abd9f412e7/artifacts,2024-09-16 11:12:32.881000+00:00,2024-09-16 11:12:53.880000+00:00,1.5612781047821045,2.529585123062134,1.5780737400054932,3.1393518385561148,1.3517467975616455,1.5612781047821045,1.0,0.0,-1.1920928955078125e-07,2.2611801624298096,-0.0,-1.1920928955078125e-07,5.316102942742873e-06,1.5780736207962036,-1.1920928955078125e-07,0.0,0.0,1e-05,0.9,"tensor([[[1., 0.],
         [0., 0.]],

        [[0., 1.],
         [1., 0.]],

        [[0., 0.],
         [0., 1.]]])",1.0,1000,1.0,10.0,"tensor([[[0.3400, 0.3400],
         [0.3400, 0.3400]],

        [[0.3700, 0.3700],
         [0.3700, 0.3700]],

        [[0.2900, 0.2900],
         [0.2900, 0.2900]]], grad_fn=<RoundBackward1>)",0.99,fe9b6bb60db9e052295adb9c054e39b300449280,tests/optimize_cib.py,LOCAL,fsimoes,SAGD,gamma=0.0--ry=0.9,wCIB+penalty
382944f1d1334a1ea9e0e490a4190a32,482111446679317547,FINISHED,mlflow-artifacts:/482111446679317547/382944f1d1334a1ea9e0e490a4190a32/artifacts,2024-09-16 11:12:24.737000+00:00,2024-09-16 11:12:28.981000+00:00,1.5612781047821045,1.7499998807907104,-0.0,3.935405601396269e-08,1.7499998807907104,-0.30503666400909424,1.0,0.0,8.940696716308594e-08,2.0550365447998047,-0.0,-0.30503666400909424,5.960464477539063e-08,1.5612781047821045,-0.30503666400909424,inf,1.0,1e-05,0.5,"tensor([[[1., 0.],
         [0., 0.]],

        [[0., 1.],
         [1., 0.]],

        [[0., 0.],
         [0., 1.]]])",1.0,1000,10.0,10.0,"tensor([[[0., 0.],
         [0., 1.]],

        [[1., 0.],
         [0., 0.]],

        [[0., 1.],
         [1., 0.]]], grad_fn=<RoundBackward1>)",0.99,fe9b6bb60db9e052295adb9c054e39b300449280,tests/optimize_cib.py,LOCAL,fsimoes,SAGD,gamma=1.0--ry=0.5,wCIB+penalty
caf284fe4c5544e9abc6f416f969ac8d,482111446679317547,FINISHED,mlflow-artifacts:/482111446679317547/caf284fe4c5544e9abc6f416f969ac8d/artifacts,2024-09-16 11:12:19.796000+00:00,2024-09-16 11:12:21.070000+00:00,1.5612781047821045,1.9056388139724731,-0.0,0.9512051099467067,1.7499998807907104,-0.30503666400909424,1.0,0.0,0.0,2.0550365447998047,-0.0,-0.14939773082733154,0.0,1.2987949848175049,-0.14939773082733154,inf,1.0,1e-05,0.5,"tensor([[[1., 0.],
         [0., 0.]],

        [[0., 1.],
         [1., 0.]],

        [[0., 0.],
         [0., 1.]]])",1.0,1000,10.0,10.0,"tensor([[[1., 0.],
         [0., 1.]],

        [[0., 0.],
         [1., 0.]],

        [[0., 1.],
         [0., 0.]]], grad_fn=<RoundBackward1>)",0.99,fe9b6bb60db9e052295adb9c054e39b300449280,tests/optimize_cib.py,LOCAL,fsimoes,SAGD,gamma=1.0--ry=0.5,wCIB+penalty
cb876afc130e46e7bd3373a95202e97f,482111446679317547,FINISHED,mlflow-artifacts:/482111446679317547/cb876afc130e46e7bd3373a95202e97f/artifacts,2024-09-16 11:12:12.605000+00:00,2024-09-16 11:12:16.137000+00:00,1.5612781047821045,1.7499998807907104,-0.0,3.93540564580519e-08,1.7499998807907104,-0.30503666400909424,1.0,0.0,0.0,2.0550365447998047,-0.0,-0.30503666400909424,0.0,1.5612781047821045,-0.30503666400909424,inf,1.0,1e-05,0.5,"tensor([[[1., 0.],
         [0., 0.]],

        [[0., 1.],
         [1., 0.]],

        [[0., 0.],
         [0., 1.]]])",1.0,1000,10.0,10.0,"tensor([[[0., 0.],
         [0., 1.]],

        [[0., 1.],
         [1., 0.]],

        [[1., 0.],
         [0., 0.]]], grad_fn=<RoundBackward1>)",0.99,fe9b6bb60db9e052295adb9c054e39b300449280,tests/optimize_cib.py,LOCAL,fsimoes,SAGD,gamma=1.0--ry=0.5,wCIB+penalty
54a8b2d4888e448c9bf5732dc36f10f7,482111446679317547,FINISHED,mlflow-artifacts:/482111446679317547/54a8b2d4888e448c9bf5732dc36f10f7/artifacts,2024-09-16 11:11:53.124000+00:00,2024-09-16 11:12:08.931000+00:00,1.5612781047821045,1.7499998807907104,-0.0,3.935405601396269e-08,1.7499998807907104,-0.30503666400909424,1.0,0.0,0.0,2.0550365447998047,-0.0,-0.30503666400909424,0.0,1.5612781047821045,-0.30503666400909424,inf,1.0,1e-05,0.5,"tensor([[[1., 0.],
         [0., 0.]],

        [[0., 1.],
         [1., 0.]],

        [[0., 0.],
         [0., 1.]]])",1.0,1000,1.0,10.0,"tensor([[[0., 1.],
         [1., 0.]],

        [[1., 0.],
         [0., 0.]],

        [[0., 0.],
         [0., 1.]]], grad_fn=<RoundBackward1>)",0.99,fe9b6bb60db9e052295adb9c054e39b300449280,tests/optimize_cib.py,LOCAL,fsimoes,SAGD,gamma=1.0--ry=0.5,wCIB+penalty
3f6987a7249e44ecaa87a32bd1d4cf93,482111446679317547,FINISHED,mlflow-artifacts:/482111446679317547/3f6987a7249e44ecaa87a32bd1d4cf93/artifacts,2024-09-16 11:11:36.754000+00:00,2024-09-16 11:11:49.455000+00:00,1.5612781047821045,1.7499998807907104,-0.0,3.935405601396269e-08,1.7499998807907104,-0.30503666400909424,1.0,0.0,0.0,2.0550365447998047,-0.0,-0.30503666400909424,0.0,1.5612781047821045,-0.30503666400909424,inf,1.0,1e-05,0.5,"tensor([[[1., 0.],
         [0., 0.]],

        [[0., 1.],
         [1., 0.]],

        [[0., 0.],
         [0., 1.]]])",1.0,1000,1.0,10.0,"tensor([[[1., 0.],
         [0., 0.]],

        [[0., 1.],
         [1., 0.]],

        [[0., 0.],
         [0., 1.]]], grad_fn=<RoundBackward1>)",0.99,fe9b6bb60db9e052295adb9c054e39b300449280,tests/optimize_cib.py,LOCAL,fsimoes,SAGD,gamma=1.0--ry=0.5,wCIB+penalty
d7fd7a2fe06d40d2a88ef5da660ae1aa,482111446679317547,FINISHED,mlflow-artifacts:/482111446679317547/d7fd7a2fe06d40d2a88ef5da660ae1aa/artifacts,2024-09-16 11:11:18.183000+00:00,2024-09-16 11:11:33.071000+00:00,1.5612781047821045,1.7499998807907104,-0.0,3.935405601396269e-08,1.7499998807907104,-0.30503666400909424,1.0,0.0,0.0,2.0550365447998047,-0.0,-0.30503666400909424,0.0,1.5612781047821045,-0.30503666400909424,inf,1.0,1e-05,0.5,"tensor([[[1., 0.],
         [0., 0.]],

        [[0., 1.],
         [1., 0.]],

        [[0., 0.],
         [0., 1.]]])",1.0,1000,1.0,10.0,"tensor([[[1., 0.],
         [0., 0.]],

        [[0., 0.],
         [0., 1.]],

        [[0., 1.],
         [1., 0.]]], grad_fn=<RoundBackward1>)",0.99,fe9b6bb60db9e052295adb9c054e39b300449280,tests/optimize_cib.py,LOCAL,fsimoes,SAGD,gamma=1.0--ry=0.5,wCIB+penalty
a8cf5f21bccb4d74a3fe32083881c920,482111446679317547,FINISHED,mlflow-artifacts:/482111446679317547/a8cf5f21bccb4d74a3fe32083881c920/artifacts,2024-09-16 11:11:03.902000+00:00,2024-09-16 11:11:14.528000+00:00,1.5612781047821045,1.7499998807907104,-0.0,3.93540564580519e-08,1.7499998807907104,0.06822629272937775,1.0,0.0,-6.138935133814812,2.0550365447998047,-0.0,0.06822629272937775,1.2247449159622192,1.5612781047821045,0.06822629272937775,4.0,0.8,1e-05,0.5,"tensor([[[1., 0.],
         [0., 0.]],

        [[0., 1.],
         [1., 0.]],

        [[0., 0.],
         [0., 1.]]])",1.0,1000,10.0,10.0,"tensor([[[0., 1.],
         [1., 0.]],

        [[0., 0.],
         [0., 1.]],

        [[1., 0.],
         [0., 0.]]])",0.99,fe9b6bb60db9e052295adb9c054e39b300449280,tests/optimize_cib.py,LOCAL,fsimoes,SAGD,gamma=0.8--ry=0.5,wCIB+penalty
e3e078686e9b4a62a5445e712a6ccfd8,482111446679317547,FINISHED,mlflow-artifacts:/482111446679317547/e3e078686e9b4a62a5445e712a6ccfd8/artifacts,2024-09-16 11:10:47.602000+00:00,2024-09-16 11:11:00.187000+00:00,1.5612781047821045,2.298794746398926,-0.0,2.209843455976696,1.7499998807907104,0.06822629272937775,1.0,12.2804536819458,11.472585320472717,2.0550365447998047,-0.0,12.475460052490234,2.664008140563965,-0.0,12.475460052490234,4.0,0.8,1e-05,0.5,"tensor([[[1., 0.],
         [0., 0.]],

        [[0., 1.],
         [1., 0.]],

        [[0., 0.],
         [0., 1.]]])",1.0,1000,10.0,10.0,"tensor([[[0.0000, 0.0000],
         [0.1100, 0.0000]],

        [[0.0000, 1.0000],
         [0.0000, 0.4100]],

        [[1.0000, 0.0000],
         [0.8900, 0.5900]]])",0.99,fe9b6bb60db9e052295adb9c054e39b300449280,tests/optimize_cib.py,LOCAL,fsimoes,SAGD,gamma=0.8--ry=0.5,wCIB+penalty
3966f8f2f0634473bcacf0d3dec71773,482111446679317547,FINISHED,mlflow-artifacts:/482111446679317547/3966f8f2f0634473bcacf0d3dec71773/artifacts,2024-09-16 11:10:24.896000+00:00,2024-09-16 11:10:43.953000+00:00,1.5612781047821045,1.9056388139724731,-0.0,0.9512051099467067,1.7499998807907104,0.06822629272937775,1.0,0.0,-0.028597727417945862,2.0550365447998047,-0.0,0.14024081826210022,2.3369250297546387,1.2987949848175049,0.14024081826210022,4.0,0.8,1e-05,0.5,"tensor([[[1., 0.],
         [0., 0.]],

        [[0., 1.],
         [1., 0.]],

        [[0., 0.],
         [0., 1.]]])",1.0,1000,10.0,10.0,"tensor([[[1., 0.],
         [0., 1.]],

        [[0., 0.],
         [1., 0.]],

        [[0., 1.],
         [0., 0.]]])",0.99,fe9b6bb60db9e052295adb9c054e39b300449280,tests/optimize_cib.py,LOCAL,fsimoes,SAGD,gamma=0.8--ry=0.5,wCIB+penalty
8fd8383e21414c0e93020c76abf61e90,482111446679317547,FINISHED,mlflow-artifacts:/482111446679317547/8fd8383e21414c0e93020c76abf61e90/artifacts,2024-09-16 11:09:56.500000+00:00,2024-09-16 11:10:21.170000+00:00,1.5612781047821045,1.9289793968200684,0.5945196747779846,1.3473864079607156,1.7499998807907104,0.06822629272937775,1.0,0.0,1.4901161193847656e-07,2.0550365447998047,-0.0,0.06083657592535019,9.742069778440055e-06,1.4029310941696167,0.06083657592535019,4.0,0.8,1e-05,0.5,"tensor([[[1., 0.],
         [0., 0.]],

        [[0., 1.],
         [1., 0.]],

        [[0., 0.],
         [0., 1.]]])",1.0,1000,1.0,10.0,"tensor([[[0.8100, 0.0000],
         [0.0000, 1.0000]],

        [[0.1000, 0.5300],
         [0.5300, 0.0000]],

        [[0.0900, 0.4700],
         [0.4700, 0.0000]]], grad_fn=<RoundBackward1>)",0.99,fe9b6bb60db9e052295adb9c054e39b300449280,tests/optimize_cib.py,LOCAL,fsimoes,SAGD,gamma=0.8--ry=0.5,wCIB+penalty
d798fb55f2e24e21a898da71aebb70df,482111446679317547,FINISHED,mlflow-artifacts:/482111446679317547/d798fb55f2e24e21a898da71aebb70df/artifacts,2024-09-16 11:09:25.648000+00:00,2024-09-16 11:09:52.583000+00:00,1.5612781047821045,1.9289753437042236,0.595295786857605,1.3481465142760625,1.7499998807907104,0.06822629272937775,1.0,0.0,1.4901161193847656e-08,2.0550365447998047,-0.0,0.06083653122186661,9.799406143429223e-06,1.4037232398986816,0.06083653122186661,4.0,0.8,1e-05,0.5,"tensor([[[1., 0.],
         [0., 0.]],

        [[0., 1.],
         [1., 0.]],

        [[0., 0.],
         [0., 1.]]])",1.0,1000,1.0,10.0,"tensor([[[0.8100, 0.0000],
         [0.0000, 1.0000]],

        [[0.1000, 0.5200],
         [0.5200, 0.0000]],

        [[0.0900, 0.4800],
         [0.4800, 0.0000]]], grad_fn=<RoundBackward1>)",0.99,fe9b6bb60db9e052295adb9c054e39b300449280,tests/optimize_cib.py,LOCAL,fsimoes,SAGD,gamma=0.8--ry=0.5,wCIB+penalty
8f5e1edf9da44f47b6d65276456a16f3,482111446679317547,FINISHED,mlflow-artifacts:/482111446679317547/8f5e1edf9da44f47b6d65276456a16f3/artifacts,2024-09-16 11:08:58.049000+00:00,2024-09-16 11:09:21.658000+00:00,1.5612781047821045,1.92898690700531,0.595638632774353,1.3485355619694621,1.7499998807907104,0.06822629272937775,1.0,0.0,-7.450580596923828e-08,2.0550365447998047,-0.0,0.06083650141954422,9.909154869092163e-06,1.4040197134017944,0.06083650141954422,4.0,0.8,1e-05,0.5,"tensor([[[1., 0.],
         [0., 0.]],

        [[0., 1.],
         [1., 0.]],

        [[0., 0.],
         [0., 1.]]])",1.0,1000,1.0,10.0,"tensor([[[0.0900, 0.4900],
         [0.4900, 0.0000]],

        [[0.8100, 0.0000],
         [0.0000, 1.0000]],

        [[0.1000, 0.5100],
         [0.5100, 0.0000]]], grad_fn=<RoundBackward1>)",0.99,fe9b6bb60db9e052295adb9c054e39b300449280,tests/optimize_cib.py,LOCAL,fsimoes,SAGD,gamma=0.8--ry=0.5,wCIB+penalty
c6f126f6f1db4ffdbd7206cc4c06e4a2,482111446679317547,FINISHED,mlflow-artifacts:/482111446679317547/c6f126f6f1db4ffdbd7206cc4c06e4a2/artifacts,2024-09-16 11:08:53.411000+00:00,2024-09-16 11:08:54.396000+00:00,1.5612781047821045,1.9056386947631836,-0.0,0.6887216961533724,1.7499998807907104,0.44148921966552734,1.0,0.0,-0.05605870485305786,2.0550365447998047,-0.0,0.5348725318908691,2.6605772972106934,1.5612781047821045,0.5348725318908691,1.5,0.6,1e-05,0.5,"tensor([[[1., 0.],
         [0., 0.]],

        [[0., 1.],
         [1., 0.]],

        [[0., 0.],
         [0., 1.]]])",1.0,1000,10.0,10.0,"tensor([[[0., 0.],
         [0., 1.]],

        [[0., 0.],
         [1., 0.]],

        [[1., 1.],
         [0., 0.]]])",0.99,fe9b6bb60db9e052295adb9c054e39b300449280,tests/optimize_cib.py,LOCAL,fsimoes,SAGD,gamma=0.6--ry=0.5,wCIB+penalty
e922dc30cba04d0bb7d34769871a6be3,482111446679317547,FINISHED,mlflow-artifacts:/482111446679317547/e922dc30cba04d0bb7d34769871a6be3/artifacts,2024-09-16 11:08:45.407000+00:00,2024-09-16 11:08:49.622000+00:00,1.5612781047821045,1.9999998807907104,-0.0,0.750000019677028,1.7499998807907104,0.44148921966552734,1.0,0.0,-0.0003465414047241211,2.0550365447998047,-0.0,0.5669780373573303,2.6569573879241943,1.5,0.5669780373573303,1.5,0.6,1e-05,0.5,"tensor([[[1., 0.],
         [0., 0.]],

        [[0., 1.],
         [1., 0.]],

        [[0., 0.],
         [0., 1.]]])",1.0,1000,10.0,10.0,"tensor([[[1., 0.],
         [0., 0.]],

        [[0., 0.],
         [1., 0.]],

        [[0., 1.],
         [0., 1.]]])",0.99,fe9b6bb60db9e052295adb9c054e39b300449280,tests/optimize_cib.py,LOCAL,fsimoes,SAGD,gamma=0.6--ry=0.5,wCIB+penalty
057c6787e80644758354cecf90300151,482111446679317547,FINISHED,mlflow-artifacts:/482111446679317547/057c6787e80644758354cecf90300151/artifacts,2024-09-16 11:08:33.291000+00:00,2024-09-16 11:08:41.743000+00:00,1.5612781047821045,1.9056388139724731,-0.0,0.6887219345719515,1.7499998807907104,0.44148921966552734,1.0,0.0,-0.3092418313026428,2.0550365447998047,-0.0,0.5348725914955139,2.59946346282959,1.5612781047821045,0.5348725914955139,1.5,0.6,1e-05,0.5,"tensor([[[1., 0.],
         [0., 0.]],

        [[0., 1.],
         [1., 0.]],

        [[0., 0.],
         [0., 1.]]])",1.0,1000,10.0,10.0,"tensor([[[1., 1.],
         [0., 0.]],

        [[0., 0.],
         [1., 0.]],

        [[0., 0.],
         [0., 1.]]])",0.99,fe9b6bb60db9e052295adb9c054e39b300449280,tests/optimize_cib.py,LOCAL,fsimoes,SAGD,gamma=0.6--ry=0.5,wCIB+penalty
9926b6a5078143a2ab0415df388f165e,482111446679317547,FINISHED,mlflow-artifacts:/482111446679317547/9926b6a5078143a2ab0415df388f165e/artifacts,2024-09-16 11:08:08.372000+00:00,2024-09-16 11:08:29.618000+00:00,1.5612781047821045,2.2987945079803467,1.5482121706008911,3.109490037196729,1.7499998807907104,0.44148921966552734,1.0,0.0,4.470348358154297e-08,2.0550365447998047,-0.0,0.1462547332048416,9.886109182843938e-06,1.5482120513916016,0.1462547332048416,1.5,0.6,1e-05,0.5,"tensor([[[1., 0.],
         [0., 0.]],

        [[0., 1.],
         [1., 0.]],

        [[0., 0.],
         [0., 1.]]])",1.0,1000,1.0,10.0,"tensor([[[0.2700, 0.2700],
         [0.2700, 0.2700]],

        [[0.4400, 0.4400],
         [0.4400, 0.4400]],

        [[0.2900, 0.2900],
         [0.2900, 0.2900]]], grad_fn=<RoundBackward1>)",0.99,fe9b6bb60db9e052295adb9c054e39b300449280,tests/optimize_cib.py,LOCAL,fsimoes,SAGD,gamma=0.6--ry=0.5,wCIB+penalty
d36b74f2ed624fc5831341a72b232cc2,482111446679317547,FINISHED,mlflow-artifacts:/482111446679317547/d36b74f2ed624fc5831341a72b232cc2/artifacts,2024-09-16 11:07:45.055000+00:00,2024-09-16 11:08:04.727000+00:00,1.5612781047821045,2.2987945079803467,1.5458085536956787,3.1070867916038107,1.7499998807907104,0.44148921966552734,1.0,0.0,1.7881393432617188e-07,2.0550365447998047,-0.0,0.1462547779083252,9.377792594023049e-06,1.5458085536956787,0.1462547779083252,1.5,0.6,1e-05,0.5,"tensor([[[1., 0.],
         [0., 0.]],

        [[0., 1.],
         [1., 0.]],

        [[0., 0.],
         [0., 1.]]])",1.0,1000,1.0,10.0,"tensor([[[0.2700, 0.2700],
         [0.2700, 0.2700]],

        [[0.4400, 0.4400],
         [0.4400, 0.4400]],

        [[0.2900, 0.2900],
         [0.2900, 0.2900]]], grad_fn=<RoundBackward1>)",0.99,fe9b6bb60db9e052295adb9c054e39b300449280,tests/optimize_cib.py,LOCAL,fsimoes,SAGD,gamma=0.6--ry=0.5,wCIB+penalty
00cea9ee014a4f5b87cbdd3ba09a6507,482111446679317547,FINISHED,mlflow-artifacts:/482111446679317547/00cea9ee014a4f5b87cbdd3ba09a6507/artifacts,2024-09-16 11:07:23.233000+00:00,2024-09-16 11:07:41.456000+00:00,1.5612781047821045,2.2987940311431885,1.5473659038543701,3.1086438858487213,1.7499998807907104,0.44148921966552734,1.0,0.0,-3.725290298461914e-07,2.0550365447998047,-0.0,0.14625445008277893,9.613962902221829e-06,1.5473657846450806,0.14625445008277893,1.5,0.6,1e-05,0.5,"tensor([[[1., 0.],
         [0., 0.]],

        [[0., 1.],
         [1., 0.]],

        [[0., 0.],
         [0., 1.]]])",1.0,1000,1.0,10.0,"tensor([[[0.2600, 0.2600],
         [0.2600, 0.2600]],

        [[0.2900, 0.2900],
         [0.2900, 0.2900]],

        [[0.4400, 0.4400],
         [0.4400, 0.4400]]], grad_fn=<RoundBackward1>)",0.99,fe9b6bb60db9e052295adb9c054e39b300449280,tests/optimize_cib.py,LOCAL,fsimoes,SAGD,gamma=0.6--ry=0.5,wCIB+penalty
5b2acdefb02a4b85b34846a11885ba2d,482111446679317547,FINISHED,mlflow-artifacts:/482111446679317547/5b2acdefb02a4b85b34846a11885ba2d/artifacts,2024-09-16 11:07:15.665000+00:00,2024-09-16 11:07:19.561000+00:00,1.5612781047821045,1.9056388139724731,-0.0,0.9512049907374172,1.7499998807907104,0.8147522807121277,1.0,0.0,-0.5552619695663452,2.0550365447998047,-0.0,0.7195179462432861,2.6388330459594727,1.2987949848175049,0.7195179462432861,0.6666666269302368,0.4,1e-05,0.5,"tensor([[[1., 0.],
         [0., 0.]],

        [[0., 1.],
         [1., 0.]],

        [[0., 0.],
         [0., 1.]]])",1.0,1000,10.0,10.0,"tensor([[[1., 0.],
         [0., 1.]],

        [[0., 1.],
         [0., 0.]],

        [[0., 0.],
         [1., 0.]]])",0.99,fe9b6bb60db9e052295adb9c054e39b300449280,tests/optimize_cib.py,LOCAL,fsimoes,SAGD,gamma=0.4--ry=0.5,wCIB+penalty
aab17f7e4de9496687431e50316fe76b,482111446679317547,FINISHED,mlflow-artifacts:/482111446679317547/aab17f7e4de9496687431e50316fe76b/artifacts,2024-09-16 11:06:50.193000+00:00,2024-09-16 11:07:11.996000+00:00,1.5612781047821045,2.036299705505371,0.2485063076019287,1.9157211204496685,1.7499998807907104,0.8147522807121277,1.0,0.0,0.07922834157943726,2.0550365447998047,-0.0,0.6893556118011475,2.5060412883758545,1.4099235534667969,0.6893556118011475,0.6666666269302368,0.4,1e-05,0.5,"tensor([[[1., 0.],
         [0., 0.]],

        [[0., 1.],
         [1., 0.]],

        [[0., 0.],
         [0., 1.]]])",1.0,1000,10.0,10.0,"tensor([[[0.0000, 0.5100],
         [0.0000, 0.8000]],

        [[0.2800, 0.0000],
         [1.0000, 0.2000]],

        [[0.7200, 0.4900],
         [0.0000, 0.0000]]])",0.99,fe9b6bb60db9e052295adb9c054e39b300449280,tests/optimize_cib.py,LOCAL,fsimoes,SAGD,gamma=0.4--ry=0.5,wCIB+penalty
6e32bbf9c8f248c9ab3a6736bca11fe3,482111446679317547,FINISHED,mlflow-artifacts:/482111446679317547/6e32bbf9c8f248c9ab3a6736bca11fe3/artifacts,2024-09-16 11:06:23.660000+00:00,2024-09-16 11:06:46.533000+00:00,1.5612781047821045,2.0769035816192627,0.2682672441005707,1.3317533446165166,1.7499998807907104,0.8147522807121277,1.0,0.06479643285274506,-0.0203741192817688,2.0550365447998047,-0.0,0.7073888182640076,2.5261332988739014,1.324676513671875,0.7073888182640076,0.6666666269302368,0.4,1e-05,0.5,"tensor([[[1., 0.],
         [0., 0.]],

        [[0., 1.],
         [1., 0.]],

        [[0., 0.],
         [0., 1.]]])",1.0,1000,10.0,10.0,"tensor([[[1.0000, 0.1800],
         [0.2100, 0.0000]],

        [[0.0000, 0.0000],
         [0.7900, 1.0000]],

        [[0.0000, 0.8200],
         [0.0000, 0.0000]]])",0.99,fe9b6bb60db9e052295adb9c054e39b300449280,tests/optimize_cib.py,LOCAL,fsimoes,SAGD,gamma=0.4--ry=0.5,wCIB+penalty
678e1a16ae5848bba5bab8ded8d99326,482111446679317547,FINISHED,mlflow-artifacts:/482111446679317547/678e1a16ae5848bba5bab8ded8d99326/artifacts,2024-09-16 11:06:02.617000+00:00,2024-09-16 11:06:19.991000+00:00,1.5612781047821045,2.2987942695617676,1.5602753162384033,3.121553430388232,1.7499998807907104,0.8147522807121277,1.0,0.0,7.450580596923828e-08,2.0550365447998047,-0.0,0.097503162920475,8.747121682972647e-06,1.5602754354476929,0.097503162920475,0.6666666269302368,0.4,1e-05,0.5,"tensor([[[1., 0.],
         [0., 0.]],

        [[0., 1.],
         [1., 0.]],

        [[0., 0.],
         [0., 1.]]])",1.0,1000,1.0,10.0,"tensor([[[0.4200, 0.4200],
         [0.4200, 0.4200]],

        [[0.2900, 0.2900],
         [0.2900, 0.2900]],

        [[0.2900, 0.2900],
         [0.2900, 0.2900]]], grad_fn=<RoundBackward1>)",0.99,fe9b6bb60db9e052295adb9c054e39b300449280,tests/optimize_cib.py,LOCAL,fsimoes,SAGD,gamma=0.4--ry=0.5,wCIB+penalty
fd0da6ce767e4782a73d1d7de798c6ce,482111446679317547,FINISHED,mlflow-artifacts:/482111446679317547/fd0da6ce767e4782a73d1d7de798c6ce/artifacts,2024-09-16 11:05:43.923000+00:00,2024-09-16 11:05:59.350000+00:00,1.5612781047821045,2.2987942695617676,1.5201146602630615,3.0813927917243475,1.7499998807907104,0.8147522807121277,1.0,0.0,0.0,2.0550365447998047,-0.0,0.09750308841466904,9.319363016402349e-06,1.5201146602630615,0.09750308841466904,0.6666666269302368,0.4,1e-05,0.5,"tensor([[[1., 0.],
         [0., 0.]],

        [[0., 1.],
         [1., 0.]],

        [[0., 0.],
         [0., 1.]]])",1.0,1000,1.0,10.0,"tensor([[[0.4800, 0.4800],
         [0.4800, 0.4800]],

        [[0.2500, 0.2500],
         [0.2500, 0.2500]],

        [[0.2700, 0.2700],
         [0.2700, 0.2700]]], grad_fn=<RoundBackward1>)",0.99,fe9b6bb60db9e052295adb9c054e39b300449280,tests/optimize_cib.py,LOCAL,fsimoes,SAGD,gamma=0.4--ry=0.5,wCIB+penalty
bdd70e472c46431cb4392c7e37f9c9c2,482111446679317547,FINISHED,mlflow-artifacts:/482111446679317547/bdd70e472c46431cb4392c7e37f9c9c2/artifacts,2024-09-16 11:05:25.632000+00:00,2024-09-16 11:05:40.392000+00:00,1.5612781047821045,2.2987942695617676,1.5541590452194214,3.115437067780684,1.7499998807907104,0.8147522807121277,1.0,0.0,5.21540641784668e-08,2.0550365447998047,-0.0,0.097503162920475,7.752099008939695e-06,1.554159164428711,0.097503162920475,0.6666666269302368,0.4,1e-05,0.5,"tensor([[[1., 0.],
         [0., 0.]],

        [[0., 1.],
         [1., 0.]],

        [[0., 0.],
         [0., 1.]]])",1.0,1000,1.0,10.0,"tensor([[[0.3000, 0.3000],
         [0.3000, 0.3000]],

        [[0.2700, 0.2700],
         [0.2700, 0.2700]],

        [[0.4300, 0.4300],
         [0.4300, 0.4300]]], grad_fn=<RoundBackward1>)",0.99,fe9b6bb60db9e052295adb9c054e39b300449280,tests/optimize_cib.py,LOCAL,fsimoes,SAGD,gamma=0.4--ry=0.5,wCIB+penalty
a58a5f20e90846d8b51631b0f21ac8f0,482111446679317547,FINISHED,mlflow-artifacts:/482111446679317547/a58a5f20e90846d8b51631b0f21ac8f0/artifacts,2024-09-16 11:05:22.342000+00:00,2024-09-16 11:05:23.028000+00:00,1.5612781047821045,1.9056388139724731,-0.0,2.3698102139449726,1.7499998807907104,1.188015103340149,1.0,0.0,0.6923654675483704,2.0550365447998047,-0.0,1.2191429138183594,2.488330125808716,1.5612781047821045,1.2191429138183594,0.25,0.2,1e-05,0.5,"tensor([[[1., 0.],
         [0., 0.]],

        [[0., 1.],
         [1., 0.]],

        [[0., 0.],
         [0., 1.]]])",1.0,1000,10.0,10.0,"tensor([[[0.5500, 0.3000],
         [0.2800, 0.0000]],

        [[0.0000, 0.0000],
         [0.7200, 0.5900]],

        [[0.4500, 0.7000],
         [0.0000, 0.4100]]])",0.99,fe9b6bb60db9e052295adb9c054e39b300449280,tests/optimize_cib.py,LOCAL,fsimoes,SAGD,gamma=0.2--ry=0.5,wCIB+penalty
ff79d232beca4c05833cd858ea6e6256,482111446679317547,FINISHED,mlflow-artifacts:/482111446679317547/ff79d232beca4c05833cd858ea6e6256/artifacts,2024-09-16 11:05:15.577000+00:00,2024-09-16 11:05:19.714000+00:00,1.5612781047821045,1.9056388139724731,-0.0,2.3698102735496174,1.7499998807907104,1.188015103340149,1.0,0.0,0.6923654675483704,2.0550365447998047,-0.0,1.2191429138183594,2.4883298873901367,1.5612781047821045,1.2191429138183594,0.25,0.2,1e-05,0.5,"tensor([[[1., 0.],
         [0., 0.]],

        [[0., 1.],
         [1., 0.]],

        [[0., 0.],
         [0., 1.]]])",1.0,1000,10.0,10.0,"tensor([[[0.4500, 0.7000],
         [0.0000, 0.4100]],

        [[0.0000, 0.0000],
         [0.7200, 0.5900]],

        [[0.5500, 0.3000],
         [0.2800, 0.0000]]])",0.99,fe9b6bb60db9e052295adb9c054e39b300449280,tests/optimize_cib.py,LOCAL,fsimoes,SAGD,gamma=0.2--ry=0.5,wCIB+penalty
006f38828b5941b08746f028bca0a52a,482111446679317547,FINISHED,mlflow-artifacts:/482111446679317547/006f38828b5941b08746f028bca0a52a/artifacts,2024-09-16 11:05:03.684000+00:00,2024-09-16 11:05:12.930000+00:00,1.5612781047821045,1.9999998807907104,-0.0,2.3260414626192913,1.7499998807907104,1.188015103340149,1.0,0.0,0.6280142068862915,2.0550365447998047,-0.0,1.1889927387237549,2.5056443214416504,1.5,1.1889927387237549,0.25,0.2,1e-05,0.5,"tensor([[[1., 0.],
         [0., 0.]],

        [[0., 1.],
         [1., 0.]],

        [[0., 0.],
         [0., 1.]]])",1.0,1000,10.0,10.0,"tensor([[[0.4100, 0.7100],
         [0.0000, 0.4900]],

        [[0.5900, 0.0000],
         [0.7900, 0.0000]],

        [[0.0000, 0.2900],
         [0.2100, 0.5100]]])",0.99,fe9b6bb60db9e052295adb9c054e39b300449280,tests/optimize_cib.py,LOCAL,fsimoes,SAGD,gamma=0.2--ry=0.5,wCIB+penalty
4b65e4a8d10b48579c74bac4a9b6138d,482111446679317547,FINISHED,mlflow-artifacts:/482111446679317547/4b65e4a8d10b48579c74bac4a9b6138d/artifacts,2024-09-16 11:04:47.294000+00:00,2024-09-16 11:05:00.374000+00:00,1.5612781047821045,2.2987942695617676,1.574524998664856,3.135803075797324,1.7499998807907104,1.188015103340149,1.0,0.0,4.842877388000488e-08,2.0550365447998047,-0.0,0.04875164106488228,7.281714260898298e-06,1.5745251178741455,0.04875164106488228,0.25,0.2,1e-05,0.5,"tensor([[[1., 0.],
         [0., 0.]],

        [[0., 1.],
         [1., 0.]],

        [[0., 0.],
         [0., 1.]]])",1.0,1000,1.0,10.0,"tensor([[[0.3700, 0.3700],
         [0.3700, 0.3700]],

        [[0.3600, 0.3600],
         [0.3600, 0.3600]],

        [[0.2800, 0.2800],
         [0.2800, 0.2800]]], grad_fn=<RoundBackward1>)",0.99,fe9b6bb60db9e052295adb9c054e39b300449280,tests/optimize_cib.py,LOCAL,fsimoes,SAGD,gamma=0.2--ry=0.5,wCIB+penalty
ba0e8fb5f2ee4493b0f335748edefe85,482111446679317547,FINISHED,mlflow-artifacts:/482111446679317547/ba0e8fb5f2ee4493b0f335748edefe85/artifacts,2024-09-16 11:04:31.703000+00:00,2024-09-16 11:04:44.662000+00:00,1.5612781047821045,2.2987942695617676,1.5667827129364014,3.1280607685278143,1.7499998807907104,1.188015103340149,1.0,0.0,9.685754776000977e-08,2.0550365447998047,-0.0,0.04875154420733452,8.869133125699591e-06,1.5667827129364014,0.04875154420733452,0.25,0.2,1e-05,0.5,"tensor([[[1., 0.],
         [0., 0.]],

        [[0., 1.],
         [1., 0.]],

        [[0., 0.],
         [0., 1.]]])",1.0,1000,1.0,10.0,"tensor([[[0.2700, 0.2700],
         [0.2700, 0.2700]],

        [[0.3300, 0.3300],
         [0.3300, 0.3300]],

        [[0.4000, 0.4000],
         [0.4000, 0.4000]]], grad_fn=<RoundBackward1>)",0.99,fe9b6bb60db9e052295adb9c054e39b300449280,tests/optimize_cib.py,LOCAL,fsimoes,SAGD,gamma=0.2--ry=0.5,wCIB+penalty
534006c2c0b74fa0960bf86440082d05,482111446679317547,FINISHED,mlflow-artifacts:/482111446679317547/534006c2c0b74fa0960bf86440082d05/artifacts,2024-09-16 11:04:16.627000+00:00,2024-09-16 11:04:28.774000+00:00,1.5612781047821045,2.2987942695617676,1.5806989669799805,3.141976841327966,1.7499998807907104,1.188015103340149,1.0,0.0,-1.8998980522155762e-07,2.0550365447998047,-0.0,0.04875154420733452,5.919494469708297e-06,1.5806989669799805,0.04875154420733452,0.25,0.2,1e-05,0.5,"tensor([[[1., 0.],
         [0., 0.]],

        [[0., 1.],
         [1., 0.]],

        [[0., 0.],
         [0., 1.]]])",1.0,1000,1.0,10.0,"tensor([[[0.3000, 0.3000],
         [0.3000, 0.3000]],

        [[0.3300, 0.3300],
         [0.3300, 0.3300]],

        [[0.3700, 0.3700],
         [0.3700, 0.3700]]], grad_fn=<RoundBackward1>)",0.99,fe9b6bb60db9e052295adb9c054e39b300449280,tests/optimize_cib.py,LOCAL,fsimoes,SAGD,gamma=0.2--ry=0.5,wCIB+penalty
b96451a63c7c4413b86e31e10c673936,482111446679317547,FINISHED,mlflow-artifacts:/482111446679317547/b96451a63c7c4413b86e31e10c673936/artifacts,2024-09-16 11:04:10.017000+00:00,2024-09-16 11:04:13.971000+00:00,1.5612781047821045,1.9056388139724731,-0.0,2.171935438463735,1.7499998807907104,1.5612781047821045,1.0,0.0,0.6989538669586182,2.0550365447998047,-0.0,1.2987949848175049,2.4774768352508545,1.2987949848175049,1.2987949848175049,0.0,0.0,1e-05,0.5,"tensor([[[1., 0.],
         [0., 0.]],

        [[0., 1.],
         [1., 0.]],

        [[0., 0.],
         [0., 1.]]])",1.0,1000,10.0,10.0,"tensor([[[0.0000, 0.5600],
         [0.7000, 0.0000]],

        [[0.4100, 0.0000],
         [0.3000, 0.3700]],

        [[0.5900, 0.4400],
         [0.0000, 0.6300]]])",0.99,fe9b6bb60db9e052295adb9c054e39b300449280,tests/optimize_cib.py,LOCAL,fsimoes,SAGD,gamma=0.0--ry=0.5,wCIB+penalty
775e4119ba514536992a5fb67fab2052,482111446679317547,FINISHED,mlflow-artifacts:/482111446679317547/775e4119ba514536992a5fb67fab2052/artifacts,2024-09-16 11:04:05.886000+00:00,2024-09-16 11:04:07.360000+00:00,1.5612781047821045,1.7499998807907104,-0.0,1.5870447205261629,1.7499998807907104,1.5612781047821045,1.0,0.0,0.5261956453323364,2.0550365447998047,-0.0,1.5612781047821045,2.2946901321411133,1.5612781047821045,1.5612781047821045,0.0,0.0,1e-05,0.5,"tensor([[[1., 0.],
         [0., 0.]],

        [[0., 1.],
         [1., 0.]],

        [[0., 0.],
         [0., 1.]]])",1.0,1000,10.0,10.0,"tensor([[[0.0000, 0.0000],
         [0.1300, 0.8500]],

        [[1.0000, 0.0000],
         [0.8700, 0.1500]],

        [[0.0000, 1.0000],
         [0.0000, 0.0000]]])",0.99,fe9b6bb60db9e052295adb9c054e39b300449280,tests/optimize_cib.py,LOCAL,fsimoes,SAGD,gamma=0.0--ry=0.5,wCIB+penalty
aa26483f16214040954056ca85234a14,482111446679317547,FINISHED,mlflow-artifacts:/482111446679317547/aa26483f16214040954056ca85234a14/artifacts,2024-09-16 11:03:57.744000+00:00,2024-09-16 11:04:02.207000+00:00,1.5612781047821045,1.9056388139724731,-0.0,2.1002792774826924,1.7499998807907104,1.5612781047821045,1.0,0.0,0.7205637097358704,2.0550365447998047,-0.0,1.4056390523910522,2.491633176803589,1.4056390523910522,1.4056390523910522,0.0,0.0,1e-05,0.5,"tensor([[[1., 0.],
         [0., 0.]],

        [[0., 1.],
         [1., 0.]],

        [[0., 0.],
         [0., 1.]]])",1.0,1000,10.0,10.0,"tensor([[[0.3600, 0.0000],
         [0.3600, 0.2400]],

        [[0.0000, 0.5200],
         [0.0000, 0.7600]],

        [[0.6400, 0.4800],
         [0.6400, 0.0000]]])",0.99,fe9b6bb60db9e052295adb9c054e39b300449280,tests/optimize_cib.py,LOCAL,fsimoes,SAGD,gamma=0.0--ry=0.5,wCIB+penalty
600937075111452ab3becdfdec1c5daf,482111446679317547,FINISHED,mlflow-artifacts:/482111446679317547/600937075111452ab3becdfdec1c5daf/artifacts,2024-09-16 11:03:40.455000+00:00,2024-09-16 11:03:54.147000+00:00,1.5612781047821045,2.2987942695617676,1.574744462966919,3.1360224570518414,1.7499998807907104,1.5612781047821045,1.0,0.0,0.0,2.0550365447998047,-0.0,0.0,7.700714377278928e-06,1.574744462966919,0.0,0.0,0.0,1e-05,0.5,"tensor([[[1., 0.],
         [0., 0.]],

        [[0., 1.],
         [1., 0.]],

        [[0., 0.],
         [0., 1.]]])",1.0,1000,1.0,10.0,"tensor([[[0.3900, 0.3900],
         [0.3900, 0.3900]],

        [[0.3200, 0.3200],
         [0.3200, 0.3200]],

        [[0.2900, 0.2900],
         [0.2900, 0.2900]]], grad_fn=<RoundBackward1>)",0.99,fe9b6bb60db9e052295adb9c054e39b300449280,tests/optimize_cib.py,LOCAL,fsimoes,SAGD,gamma=0.0--ry=0.5,wCIB+penalty
d8fcff944f224e5a909ff9a46414c474,482111446679317547,FINISHED,mlflow-artifacts:/482111446679317547/d8fcff944f224e5a909ff9a46414c474/artifacts,2024-09-16 11:03:22.529000+00:00,2024-09-16 11:03:35.893000+00:00,1.5612781047821045,2.2987942695617676,1.5274546146392822,3.0887326859258373,1.7499998807907104,1.5612781047821045,1.0,0.0,1.1920928955078125e-07,2.0550365447998047,-0.0,0.0,7.703655683144461e-06,1.5274546146392822,0.0,0.0,0.0,1e-05,0.5,"tensor([[[1., 0.],
         [0., 0.]],

        [[0., 1.],
         [1., 0.]],

        [[0., 0.],
         [0., 1.]]])",1.0,1000,1.0,10.0,"tensor([[[0.4700, 0.4700],
         [0.4700, 0.4700]],

        [[0.2700, 0.2700],
         [0.2700, 0.2700]],

        [[0.2600, 0.2600],
         [0.2600, 0.2600]]], grad_fn=<RoundBackward1>)",0.99,fe9b6bb60db9e052295adb9c054e39b300449280,tests/optimize_cib.py,LOCAL,fsimoes,SAGD,gamma=0.0--ry=0.5,wCIB+penalty
cf8f3efa63f341349f1649fe2a5bc99e,482111446679317547,FINISHED,mlflow-artifacts:/482111446679317547/cf8f3efa63f341349f1649fe2a5bc99e/artifacts,2024-09-16 11:03:06.082000+00:00,2024-09-16 11:03:18.605000+00:00,1.5612781047821045,2.2987942695617676,1.5750097036361694,3.136287709483594,1.7499998807907104,1.5612781047821045,1.0,0.0,0.0,2.0550365447998047,-0.0,-1.1920928955078125e-07,6.011210643919185e-06,1.5750095844268799,-1.1920928955078125e-07,0.0,0.0,1e-05,0.5,"tensor([[[1., 0.],
         [0., 0.]],

        [[0., 1.],
         [1., 0.]],

        [[0., 0.],
         [0., 1.]]])",1.0,1000,1.0,10.0,"tensor([[[0.3100, 0.3100],
         [0.3100, 0.3100]],

        [[0.3000, 0.3000],
         [0.3000, 0.3000]],

        [[0.3900, 0.3900],
         [0.3900, 0.3900]]], grad_fn=<RoundBackward1>)",0.99,fe9b6bb60db9e052295adb9c054e39b300449280,tests/optimize_cib.py,LOCAL,fsimoes,SAGD,gamma=0.0--ry=0.5,wCIB+penalty
220c8c586e1e4ea387152fd7fcabf018,482111446679317547,FINISHED,mlflow-artifacts:/482111446679317547/220c8c586e1e4ea387152fd7fcabf018/artifacts,2024-09-15 21:56:33.633000+00:00,2024-09-15 21:56:34.475000+00:00,1.5612781047821045,1.3776962757110596,-0.0,0.9512049907374172,1.3517467975616455,-0.01804351806640625,1.0,0.0,0.0,1.3697903156280518,-0.0,0.007905960083007812,0.0,1.2987949848175049,0.007905960083007812,inf,1.0,1e-05,0.1,"tensor([[[1., 0.],
         [0., 0.]],

        [[0., 1.],
         [1., 0.]],

        [[0., 0.],
         [0., 1.]]])",1.0,1000,10.0,10.0,"tensor([[[0., 1.],
         [0., 0.]],

        [[0., 0.],
         [1., 0.]],

        [[1., 0.],
         [0., 1.]]], grad_fn=<RoundBackward1>)",0.99,50c1df92e0effa2da7d553b06845be4b77571dd6,tests/optimize_cib.py,LOCAL,fsimoes,SAGD,gamma=1.0--ry=0.1,wCIB+penalty
f5946e5bf0674a79bdd5e0f77ee782e7,482111446679317547,FINISHED,mlflow-artifacts:/482111446679317547/f5946e5bf0674a79bdd5e0f77ee782e7/artifacts,2024-09-15 21:56:26.713000+00:00,2024-09-15 21:56:29.727000+00:00,1.5612781047821045,1.3517465591430664,2.149783107086023e-08,3.281659033405049e-08,1.3517467975616455,-0.01804351806640625,1.0,1.9868215517249155e-08,-9.872019290924072e-08,1.3697903156280518,-0.0,-0.01804373599588871,5.960464477539063e-08,1.5612781047821045,-0.01804373599588871,inf,1.0,1e-05,0.1,"tensor([[[1., 0.],
         [0., 0.]],

        [[0., 1.],
         [1., 0.]],

        [[0., 0.],
         [0., 1.]]])",1.0,1000,10.0,10.0,"tensor([[[0., 0.],
         [0., 1.]],

        [[0., 1.],
         [1., 0.]],

        [[1., 0.],
         [0., 0.]]], grad_fn=<RoundBackward1>)",0.99,50c1df92e0effa2da7d553b06845be4b77571dd6,tests/optimize_cib.py,LOCAL,fsimoes,SAGD,gamma=1.0--ry=0.1,wCIB+penalty
b30834b2279f4533bf262e136cc9e2ff,482111446679317547,FINISHED,mlflow-artifacts:/482111446679317547/b30834b2279f4533bf262e136cc9e2ff/artifacts,2024-09-15 21:56:18.598000+00:00,2024-09-15 21:56:23.066000+00:00,1.5612781047821045,1.3776962757110596,-0.0,0.9512051099467067,1.3517467975616455,-0.01804351806640625,1.0,0.0,0.0,1.3697903156280518,-0.0,0.007905960083007812,0.0,1.2987949848175049,0.007905960083007812,inf,1.0,1e-05,0.1,"tensor([[[1., 0.],
         [0., 0.]],

        [[0., 1.],
         [1., 0.]],

        [[0., 0.],
         [0., 1.]]])",1.0,1000,10.0,10.0,"tensor([[[0., 0.],
         [1., 0.]],

        [[1., 0.],
         [0., 1.]],

        [[0., 1.],
         [0., 0.]]], grad_fn=<RoundBackward1>)",0.99,50c1df92e0effa2da7d553b06845be4b77571dd6,tests/optimize_cib.py,LOCAL,fsimoes,SAGD,gamma=1.0--ry=0.1,wCIB+penalty
d03db28a292844b8a833df7a62033222,482111446679317547,FINISHED,mlflow-artifacts:/482111446679317547/d03db28a292844b8a833df7a62033222/artifacts,2024-09-15 21:55:57.156000+00:00,2024-09-15 21:56:14.406000+00:00,1.5612781047821045,1.3517467975616455,-0.0,3.935405601396269e-08,1.3517467975616455,-0.01804351806640625,1.0,0.0,0.0,1.3697903156280518,-0.0,-0.01804351806640625,0.0,1.5612781047821045,-0.01804351806640625,inf,1.0,1e-05,0.1,"tensor([[[1., 0.],
         [0., 0.]],

        [[0., 1.],
         [1., 0.]],

        [[0., 0.],
         [0., 1.]]])",1.0,1000,1.0,10.0,"tensor([[[1., 0.],
         [0., 0.]],

        [[0., 0.],
         [0., 1.]],

        [[0., 1.],
         [1., 0.]]], grad_fn=<RoundBackward1>)",0.99,50c1df92e0effa2da7d553b06845be4b77571dd6,tests/optimize_cib.py,LOCAL,fsimoes,SAGD,gamma=1.0--ry=0.1,wCIB+penalty
48592164a4f945a6b456481c8bae24b0,482111446679317547,FINISHED,mlflow-artifacts:/482111446679317547/48592164a4f945a6b456481c8bae24b0/artifacts,2024-09-15 21:55:31.343000+00:00,2024-09-15 21:55:53.541000+00:00,1.5612781047821045,1.3517467975616455,-0.0,3.935405601396269e-08,1.3517467975616455,-0.01804351806640625,1.0,0.0,0.0,1.3697903156280518,-0.0,-0.01804351806640625,0.0,1.5612781047821045,-0.01804351806640625,inf,1.0,1e-05,0.1,"tensor([[[1., 0.],
         [0., 0.]],

        [[0., 1.],
         [1., 0.]],

        [[0., 0.],
         [0., 1.]]])",1.0,1000,1.0,10.0,"tensor([[[0., 1.],
         [1., 0.]],

        [[1., 0.],
         [0., 0.]],

        [[0., 0.],
         [0., 1.]]], grad_fn=<RoundBackward1>)",0.99,50c1df92e0effa2da7d553b06845be4b77571dd6,tests/optimize_cib.py,LOCAL,fsimoes,SAGD,gamma=1.0--ry=0.1,wCIB+penalty
eee742f2d99f49da90e5fd007d7c77d3,482111446679317547,FINISHED,mlflow-artifacts:/482111446679317547/eee742f2d99f49da90e5fd007d7c77d3/artifacts,2024-09-15 21:55:06.611000+00:00,2024-09-15 21:55:27.318000+00:00,1.5612781047821045,1.3776962757110596,-0.0,0.9512051099467067,1.3517467975616455,-0.01804351806640625,1.0,0.0,0.0,1.3697903156280518,-0.0,0.007905960083007812,0.0,1.2987949848175049,0.007905960083007812,inf,1.0,1e-05,0.1,"tensor([[[1., 0.],
         [0., 0.]],

        [[0., 1.],
         [1., 0.]],

        [[0., 0.],
         [0., 1.]]])",1.0,1000,1.0,10.0,"tensor([[[1., 0.],
         [0., 1.]],

        [[0., 0.],
         [1., 0.]],

        [[0., 1.],
         [0., 0.]]], grad_fn=<RoundBackward1>)",0.99,50c1df92e0effa2da7d553b06845be4b77571dd6,tests/optimize_cib.py,LOCAL,fsimoes,SAGD,gamma=1.0--ry=0.1,wCIB+penalty
329f0dbc363b4b3b833e5a67954bfd42,482111446679317547,FINISHED,mlflow-artifacts:/482111446679317547/329f0dbc363b4b3b833e5a67954bfd42/artifacts,2024-09-15 21:54:58.170000+00:00,2024-09-15 21:55:02.916000+00:00,1.5612781047821045,1.3776962757110596,-0.0,0.9512049907374172,1.3517467975616455,0.2978208065032959,1.0,0.0,-0.05249661207199097,1.3697903156280518,-0.0,0.2660837769508362,2.0,1.2987949848175049,0.2660837769508362,4.0,0.8,1e-05,0.1,"tensor([[[1., 0.],
         [0., 0.]],

        [[0., 1.],
         [1., 0.]],

        [[0., 0.],
         [0., 1.]]])",1.0,1000,10.0,10.0,"tensor([[[0., 1.],
         [0., 0.]],

        [[0., 0.],
         [1., 0.]],

        [[1., 0.],
         [0., 1.]]])",0.99,50c1df92e0effa2da7d553b06845be4b77571dd6,tests/optimize_cib.py,LOCAL,fsimoes,SAGD,gamma=0.8--ry=0.1,wCIB+penalty
18dd5008a35f4b41b8f4b5f959fd7c1b,482111446679317547,FINISHED,mlflow-artifacts:/482111446679317547/18dd5008a35f4b41b8f4b5f959fd7c1b/artifacts,2024-09-15 21:54:33.490000+00:00,2024-09-15 21:54:54.120000+00:00,1.5612781047821045,1.4054393768310547,0.24839308857917786,1.737417268023047,1.3517467975616455,0.2978208065032959,1.0,0.0,0.009918838739395142,1.3697903156280518,-0.0,0.2608538269996643,2.535904884338379,1.4100658893585205,0.2608538269996643,4.0,0.8,1e-05,0.1,"tensor([[[1., 0.],
         [0., 0.]],

        [[0., 1.],
         [1., 0.]],

        [[0., 0.],
         [0., 1.]]])",1.0,1000,10.0,10.0,"tensor([[[0.2400, 0.0000],
         [1.0000, 0.1200]],

        [[0.0000, 0.5400],
         [0.0000, 0.8800]],

        [[0.7600, 0.4600],
         [0.0000, 0.0000]]])",0.99,50c1df92e0effa2da7d553b06845be4b77571dd6,tests/optimize_cib.py,LOCAL,fsimoes,SAGD,gamma=0.8--ry=0.1,wCIB+penalty
5e0c729658bf41649cf76511882538da,482111446679317547,FINISHED,mlflow-artifacts:/482111446679317547/5e0c729658bf41649cf76511882538da/artifacts,2024-09-15 21:54:01.576000+00:00,2024-09-15 21:54:29.766000+00:00,1.5612781047821045,1.3776962757110596,-0.0,0.9512051099467067,1.3517467975616455,0.2978208065032959,0.0,0.0,-6.111354768276215,1.3697903156280518,-0.0,0.2660837769508362,2.0,1.2987949848175049,0.2660837769508362,4.0,0.8,1e-05,0.1,"tensor([[[1., 0.],
         [0., 0.]],

        [[0., 1.],
         [1., 0.]],

        [[0., 0.],
         [0., 1.]]])",1.0,1000,10.0,10.0,"tensor([[[0., 0.],
         [1., 0.]],

        [[1., 0.],
         [0., 1.]],

        [[0., 1.],
         [0., 0.]]], grad_fn=<RoundBackward1>)",0.99,50c1df92e0effa2da7d553b06845be4b77571dd6,tests/optimize_cib.py,LOCAL,fsimoes,SAGD,gamma=0.8--ry=0.1,wCIB+penalty
2794b418e7874f918abd3444f73a61e5,482111446679317547,FINISHED,mlflow-artifacts:/482111446679317547/2794b418e7874f918abd3444f73a61e5/artifacts,2024-09-15 21:53:34.397000+00:00,2024-09-15 21:53:57.454000+00:00,1.5612781047821045,1.453183650970459,1.5766026973724365,3.137880897024779,1.3517467975616455,0.2978208065032959,1.0,0.0,0.0,1.3697903156280518,-0.0,0.06671468913555145,9.748639968165662e-06,1.576602816581726,0.06671468913555145,4.0,0.8,1e-05,0.1,"tensor([[[1., 0.],
         [0., 0.]],

        [[0., 1.],
         [1., 0.]],

        [[0., 0.],
         [0., 1.]]])",1.0,1000,1.0,10.0,"tensor([[[0.2900, 0.2900],
         [0.2900, 0.2900]],

        [[0.3200, 0.3200],
         [0.3200, 0.3200]],

        [[0.3800, 0.3800],
         [0.3800, 0.3800]]], grad_fn=<RoundBackward1>)",0.99,50c1df92e0effa2da7d553b06845be4b77571dd6,tests/optimize_cib.py,LOCAL,fsimoes,SAGD,gamma=0.8--ry=0.1,wCIB+penalty
9f27a94b13d14dbfbefb5e176b036cf7,482111446679317547,FINISHED,mlflow-artifacts:/482111446679317547/9f27a94b13d14dbfbefb5e176b036cf7/artifacts,2024-09-15 21:53:11.276000+00:00,2024-09-15 21:53:30.751000+00:00,1.5612781047821045,1.453183650970459,1.563019871711731,3.124297846802219,1.3517467975616455,0.2978208065032959,1.0,0.0,-4.470348358154297e-08,1.3697903156280518,-0.0,0.06671464443206787,9.432752449356485e-06,1.5630197525024414,0.06671464443206787,4.0,0.8,1e-05,0.1,"tensor([[[1., 0.],
         [0., 0.]],

        [[0., 1.],
         [1., 0.]],

        [[0., 0.],
         [0., 1.]]])",1.0,1000,1.0,10.0,"tensor([[[0.2900, 0.2900],
         [0.2900, 0.2900]],

        [[0.2900, 0.2900],
         [0.2900, 0.2900]],

        [[0.4200, 0.4200],
         [0.4200, 0.4200]]], grad_fn=<RoundBackward1>)",0.99,50c1df92e0effa2da7d553b06845be4b77571dd6,tests/optimize_cib.py,LOCAL,fsimoes,SAGD,gamma=0.8--ry=0.1,wCIB+penalty
b07901cf716e4ff683e377e870d95cdc,482111446679317547,FINISHED,mlflow-artifacts:/482111446679317547/b07901cf716e4ff683e377e870d95cdc/artifacts,2024-09-15 21:52:45.713000+00:00,2024-09-15 21:53:07.402000+00:00,1.5612781047821045,1.453183650970459,1.5633208751678467,3.1245987029179307,1.3517467975616455,0.2978208065032959,1.0,0.0,0.0,1.3697903156280518,-0.0,0.06671466678380966,9.110985047300346e-06,1.5633208751678467,0.06671466678380966,4.0,0.8,1e-05,0.1,"tensor([[[1., 0.],
         [0., 0.]],

        [[0., 1.],
         [1., 0.]],

        [[0., 0.],
         [0., 1.]]])",1.0,1000,1.0,10.0,"tensor([[[0.3100, 0.3100],
         [0.3100, 0.3100]],

        [[0.4100, 0.4100],
         [0.4100, 0.4100]],

        [[0.2800, 0.2800],
         [0.2800, 0.2800]]], grad_fn=<RoundBackward1>)",0.99,50c1df92e0effa2da7d553b06845be4b77571dd6,tests/optimize_cib.py,LOCAL,fsimoes,SAGD,gamma=0.8--ry=0.1,wCIB+penalty
14c8aec8a5dd4eb49b8a6d4e54e95a8c,482111446679317547,FINISHED,mlflow-artifacts:/482111446679317547/14c8aec8a5dd4eb49b8a6d4e54e95a8c/artifacts,2024-09-15 21:52:38.993000+00:00,2024-09-15 21:52:41.897000+00:00,1.5612781047821045,1.3776962757110596,-0.0,2.1442985284741773,1.3517467975616455,0.613685131072998,1.0,0.0,0.23198863863945007,1.3697903156280518,-0.0,0.5669991970062256,2.534043312072754,1.4056390523910522,0.5669991970062256,1.5,0.6,1e-05,0.1,"tensor([[[1., 0.],
         [0., 0.]],

        [[0., 1.],
         [1., 0.]],

        [[0., 0.],
         [0., 1.]]])",1.0,1000,10.0,10.0,"tensor([[[0.0000, 0.7800],
         [0.0000, 0.8100]],

        [[0.6600, 0.2200],
         [0.4000, 0.0000]],

        [[0.3400, 0.0000],
         [0.6000, 0.1900]]])",0.99,50c1df92e0effa2da7d553b06845be4b77571dd6,tests/optimize_cib.py,LOCAL,fsimoes,SAGD,gamma=0.6--ry=0.1,wCIB+penalty
bccfae0e0ea2483fa5f28f44ed2eb46e,482111446679317547,FINISHED,mlflow-artifacts:/482111446679317547/bccfae0e0ea2483fa5f28f44ed2eb46e/artifacts,2024-09-15 21:52:33.112000+00:00,2024-09-15 21:52:34.480000+00:00,1.5612781047821045,1.453183650970459,-0.0,1.2725632520963304,1.3517467975616455,0.613685131072998,1.0,12.2804536819458,10.177608966827393,1.3697903156280518,-0.0,12.330490112304688,2.73628830909729,-0.0,12.330490112304688,1.5,0.6,1e-05,0.1,"tensor([[[1., 0.],
         [0., 0.]],

        [[0., 1.],
         [1., 0.]],

        [[0., 0.],
         [0., 1.]]])",1.0,1000,10.0,10.0,"tensor([[[0.8700, 0.0000],
         [0.1700, 1.0000]],

        [[0.0000, 0.0000],
         [0.0000, 0.0000]],

        [[0.1300, 1.0000],
         [0.8300, 0.0000]]])",0.99,50c1df92e0effa2da7d553b06845be4b77571dd6,tests/optimize_cib.py,LOCAL,fsimoes,SAGD,gamma=0.6--ry=0.1,wCIB+penalty
fcdd20ed9b354b78b0e312926e73ea1b,482111446679317547,FINISHED,mlflow-artifacts:/482111446679317547/fcdd20ed9b354b78b0e312926e73ea1b/artifacts,2024-09-15 21:52:24.196000+00:00,2024-09-15 21:52:28.616000+00:00,1.5612781047821045,1.4017468690872192,-0.0,2.3081062022852956,1.3517467975616455,0.613685131072998,1.0,0.0,0.2971474230289459,1.3697903156280518,-0.0,0.6191739439964294,2.5164926052093506,1.5,0.6191739439964294,1.5,0.6,1e-05,0.1,"tensor([[[1., 0.],
         [0., 0.]],

        [[0., 1.],
         [1., 0.]],

        [[0., 0.],
         [0., 1.]]])",1.0,1000,10.0,10.0,"tensor([[[0.6000, 0.0000],
         [0.8200, 0.0000]],

        [[0.0000, 0.2700],
         [0.1800, 0.5200]],

        [[0.4000, 0.7300],
         [0.0000, 0.4800]]])",0.99,50c1df92e0effa2da7d553b06845be4b77571dd6,tests/optimize_cib.py,LOCAL,fsimoes,SAGD,gamma=0.6--ry=0.1,wCIB+penalty
47cb7b760bf94f31864902f1d5573828,482111446679317547,FINISHED,mlflow-artifacts:/482111446679317547/47cb7b760bf94f31864902f1d5573828/artifacts,2024-09-15 21:51:59.898000+00:00,2024-09-15 21:52:19.224000+00:00,1.5612781047821045,1.4531837701797485,1.5739147663116455,3.1351927981006336,1.3517467975616455,0.613685131072998,1.0,0.0,0.0,1.3697903156280518,-0.0,0.050036076456308365,9.461990885029081e-06,1.5739147663116455,0.050036076456308365,1.5,0.6,1e-05,0.1,"tensor([[[1., 0.],
         [0., 0.]],

        [[0., 1.],
         [1., 0.]],

        [[0., 0.],
         [0., 1.]]])",1.0,1000,1.0,10.0,"tensor([[[0.2800, 0.2800],
         [0.2800, 0.2800]],

        [[0.3300, 0.3300],
         [0.3300, 0.3300]],

        [[0.3900, 0.3900],
         [0.3900, 0.3900]]], grad_fn=<RoundBackward1>)",0.99,50c1df92e0effa2da7d553b06845be4b77571dd6,tests/optimize_cib.py,LOCAL,fsimoes,SAGD,gamma=0.6--ry=0.1,wCIB+penalty
327f46f06dc346dfbda4543836861741,482111446679317547,FINISHED,mlflow-artifacts:/482111446679317547/327f46f06dc346dfbda4543836861741/artifacts,2024-09-15 21:51:37.680000+00:00,2024-09-15 21:51:55.975000+00:00,1.5612781047821045,1.4531837701797485,1.5729351043701172,3.1342133674410833,1.3517467975616455,0.613685131072998,1.0,0.0,-4.842877388000488e-08,1.3697903156280518,-0.0,0.050036076456308365,8.055893886194099e-06,1.5729351043701172,0.050036076456308365,1.5,0.6,1e-05,0.1,"tensor([[[1., 0.],
         [0., 0.]],

        [[0., 1.],
         [1., 0.]],

        [[0., 0.],
         [0., 1.]]])",1.0,1000,1.0,10.0,"tensor([[[0.3900, 0.3900],
         [0.3900, 0.3900]],

        [[0.2800, 0.2800],
         [0.2800, 0.2800]],

        [[0.3300, 0.3300],
         [0.3300, 0.3300]]], grad_fn=<RoundBackward1>)",0.99,50c1df92e0effa2da7d553b06845be4b77571dd6,tests/optimize_cib.py,LOCAL,fsimoes,SAGD,gamma=0.6--ry=0.1,wCIB+penalty
fbdb535e4d49402ba303799dddcd53d9,482111446679317547,FINISHED,mlflow-artifacts:/482111446679317547/fbdb535e4d49402ba303799dddcd53d9/artifacts,2024-09-15 21:51:15.689000+00:00,2024-09-15 21:51:33.916000+00:00,1.5612781047821045,1.4531837701797485,1.5738909244537354,3.135169023605613,1.3517467975616455,0.613685131072998,1.0,0.0,-2.2351741790771484e-08,1.3697903156280518,-0.0,0.050036028027534485,9.68543372437125e-06,1.5738908052444458,0.050036028027534485,1.5,0.6,1e-05,0.1,"tensor([[[1., 0.],
         [0., 0.]],

        [[0., 1.],
         [1., 0.]],

        [[0., 0.],
         [0., 1.]]])",1.0,1000,1.0,10.0,"tensor([[[0.2800, 0.2800],
         [0.2800, 0.2800]],

        [[0.3800, 0.3800],
         [0.3800, 0.3800]],

        [[0.3300, 0.3300],
         [0.3300, 0.3300]]], grad_fn=<RoundBackward1>)",0.99,50c1df92e0effa2da7d553b06845be4b77571dd6,tests/optimize_cib.py,LOCAL,fsimoes,SAGD,gamma=0.6--ry=0.1,wCIB+penalty
93f94b61a74345c596691fd30dc93556,482111446679317547,FINISHED,mlflow-artifacts:/482111446679317547/93f94b61a74345c596691fd30dc93556/artifacts,2024-09-15 21:51:08.147000+00:00,2024-09-15 21:51:11.900000+00:00,1.5612781047821045,1.3517467975616455,-0.0,1.9625248814228469,1.3517467975616455,0.929549515247345,1.0,0.0,0.5577998161315918,1.3697903156280518,-0.0,0.929549515247345,2.4525511264801025,1.5612781047821045,0.929549515247345,0.6666666269302368,0.4,1e-05,0.1,"tensor([[[1., 0.],
         [0., 0.]],

        [[0., 1.],
         [1., 0.]],

        [[0., 0.],
         [0., 1.]]])",1.0,1000,10.0,10.0,"tensor([[[0.0000, 0.4800],
         [0.4500, 0.4300]],

        [[0.5000, 0.0000],
         [0.0000, 0.5700]],

        [[0.5000, 0.5200],
         [0.5500, 0.0000]]])",0.99,50c1df92e0effa2da7d553b06845be4b77571dd6,tests/optimize_cib.py,LOCAL,fsimoes,SAGD,gamma=0.4--ry=0.1,wCIB+penalty
1ddbf55ebd384a299c776a40af078e90,482111446679317547,FINISHED,mlflow-artifacts:/482111446679317547/1ddbf55ebd384a299c776a40af078e90/artifacts,2024-09-15 21:51:00.985000+00:00,2024-09-15 21:51:04.424000+00:00,1.5612781047821045,1.3776962757110596,-0.0,2.349213861893552,1.3517467975616455,0.929549515247345,1.0,0.0,0.5552934408187866,1.3697903156280518,-0.0,0.9399293065071106,2.46000075340271,1.5612781047821045,0.9399293065071106,0.6666666269302368,0.4,1e-05,0.1,"tensor([[[1., 0.],
         [0., 0.]],

        [[0., 1.],
         [1., 0.]],

        [[0., 0.],
         [0., 1.]]])",1.0,1000,10.0,10.0,"tensor([[[0.4500, 0.5800],
         [0.0000, 0.4200]],

        [[0.5500, 0.4200],
         [0.4000, 0.0000]],

        [[0.0000, 0.0000],
         [0.6000, 0.5800]]])",0.99,50c1df92e0effa2da7d553b06845be4b77571dd6,tests/optimize_cib.py,LOCAL,fsimoes,SAGD,gamma=0.4--ry=0.1,wCIB+penalty
e4975f52fe1d41eb8e22ae958e4ff689,482111446679317547,FINISHED,mlflow-artifacts:/482111446679317547/e4975f52fe1d41eb8e22ae958e4ff689/artifacts,2024-09-15 21:50:54.178000+00:00,2024-09-15 21:50:57.200000+00:00,1.5612781047821045,1.453183650970459,-0.0,1.281723046266138,1.3517467975616455,0.929549515247345,1.0,12.2804536819458,10.880491495132446,1.3697903156280518,-0.0,12.313811302185059,2.765976667404175,-0.0,12.313811302185059,0.6666666269302368,0.4,1e-05,0.1,"tensor([[[1., 0.],
         [0., 0.]],

        [[0., 1.],
         [1., 0.]],

        [[0., 0.],
         [0., 1.]]])",1.0,1000,10.0,10.0,"tensor([[[0.0000, 0.0900],
         [0.0000, 0.0000]],

        [[1.0000, 0.0000],
         [1.0000, 0.0000]],

        [[0.0000, 0.9100],
         [0.0000, 1.0000]]])",0.99,50c1df92e0effa2da7d553b06845be4b77571dd6,tests/optimize_cib.py,LOCAL,fsimoes,SAGD,gamma=0.4--ry=0.1,wCIB+penalty
475b9a3c5f9641b3a353ae92eae86e26,482111446679317547,FINISHED,mlflow-artifacts:/482111446679317547/475b9a3c5f9641b3a353ae92eae86e26/artifacts,2024-09-15 21:50:33.018000+00:00,2024-09-15 21:50:50.422000+00:00,1.5612781047821045,1.453183889389038,1.5647294521331787,3.1260075004444765,1.3517467975616455,0.929549515247345,1.0,0.0,-2.2351741790771484e-08,1.3697903156280518,-0.0,0.03335735946893692,8.20143486635061e-06,1.5647293329238892,0.03335735946893692,0.6666666269302368,0.4,1e-05,0.1,"tensor([[[1., 0.],
         [0., 0.]],

        [[0., 1.],
         [1., 0.]],

        [[0., 0.],
         [0., 1.]]])",1.0,1000,1.0,10.0,"tensor([[[0.2700, 0.2700],
         [0.2700, 0.2700]],

        [[0.4000, 0.4000],
         [0.4000, 0.4000]],

        [[0.3300, 0.3300],
         [0.3300, 0.3300]]], grad_fn=<RoundBackward1>)",0.99,50c1df92e0effa2da7d553b06845be4b77571dd6,tests/optimize_cib.py,LOCAL,fsimoes,SAGD,gamma=0.4--ry=0.1,wCIB+penalty
ee68528ab4eb41369b8e91e156920b15,482111446679317547,FINISHED,mlflow-artifacts:/482111446679317547/ee68528ab4eb41369b8e91e156920b15/artifacts,2024-09-15 21:50:15.019000+00:00,2024-09-15 21:50:29.273000+00:00,1.5612781047821045,1.453183650970459,1.5834019184112549,3.1446798844989488,1.3517467975616455,0.929549515247345,1.0,0.0,0.0,1.3697903156280518,-0.0,0.03335733339190483,7.514973276556702e-06,1.5834019184112549,0.03335733339190483,0.6666666269302368,0.4,1e-05,0.1,"tensor([[[1., 0.],
         [0., 0.]],

        [[0., 1.],
         [1., 0.]],

        [[0., 0.],
         [0., 1.]]])",1.0,1000,1.0,10.0,"tensor([[[0.3200, 0.3200],
         [0.3200, 0.3200]],

        [[0.3200, 0.3200],
         [0.3200, 0.3200]],

        [[0.3600, 0.3600],
         [0.3600, 0.3600]]], grad_fn=<RoundBackward1>)",0.99,50c1df92e0effa2da7d553b06845be4b77571dd6,tests/optimize_cib.py,LOCAL,fsimoes,SAGD,gamma=0.4--ry=0.1,wCIB+penalty
89a2cf3fe59c4ed5ae9a191b1ddc2929,482111446679317547,FINISHED,mlflow-artifacts:/482111446679317547/89a2cf3fe59c4ed5ae9a191b1ddc2929/artifacts,2024-09-15 21:49:54.885000+00:00,2024-09-15 21:50:10.864000+00:00,1.5612781047821045,1.4531837701797485,1.582599401473999,3.143877407071252,1.3517467975616455,0.929549515247345,1.0,0.0,4.842877388000488e-08,1.3697903156280518,-0.0,0.03335738182067871,7.419162102451082e-06,1.582599401473999,0.03335738182067871,0.6666666269302368,0.4,1e-05,0.1,"tensor([[[1., 0.],
         [0., 0.]],

        [[0., 1.],
         [1., 0.]],

        [[0., 0.],
         [0., 1.]]])",1.0,1000,1.0,10.0,"tensor([[[0.3500, 0.3500],
         [0.3500, 0.3500]],

        [[0.3100, 0.3100],
         [0.3100, 0.3100]],

        [[0.3500, 0.3500],
         [0.3500, 0.3500]]], grad_fn=<RoundBackward1>)",0.99,50c1df92e0effa2da7d553b06845be4b77571dd6,tests/optimize_cib.py,LOCAL,fsimoes,SAGD,gamma=0.4--ry=0.1,wCIB+penalty
4d230f09d9aa4fe487db66b6190fe1e1,482111446679317547,FINISHED,mlflow-artifacts:/482111446679317547/4d230f09d9aa4fe487db66b6190fe1e1/artifacts,2024-09-15 21:49:47.037000+00:00,2024-09-15 21:49:51.177000+00:00,1.5612781047821045,1.4017468690872192,-0.0,2.2650010319662477,1.3517467975616455,1.2454137802124023,1.0,0.0,0.545105516910553,1.3697903156280518,-0.0,1.0454273223876953,2.479287624359131,1.2987949848175049,1.0454273223876953,0.25,0.2,1e-05,0.1,"tensor([[[1., 0.],
         [0., 0.]],

        [[0., 1.],
         [1., 0.]],

        [[0., 0.],
         [0., 1.]]])",1.0,1000,10.0,10.0,"tensor([[[0.7100, 0.5900],
         [0.0000, 0.0000]],

        [[0.0000, 0.4100],
         [0.5500, 0.6400]],

        [[0.2900, 0.0000],
         [0.4500, 0.3600]]])",0.99,50c1df92e0effa2da7d553b06845be4b77571dd6,tests/optimize_cib.py,LOCAL,fsimoes,SAGD,gamma=0.2--ry=0.1,wCIB+penalty
27e7f757f1444c6881ceecb7442ff801,482111446679317547,FINISHED,mlflow-artifacts:/482111446679317547/27e7f757f1444c6881ceecb7442ff801/artifacts,2024-09-15 21:49:38.974000+00:00,2024-09-15 21:49:43.277000+00:00,1.5612781047821045,1.3517467975616455,-0.0,1.96150086583339,1.3517467975616455,1.2454137802124023,1.0,0.0,0.7631935775279999,1.3697903156280518,-0.0,1.2454137802124023,2.452812910079956,1.5612781047821045,1.2454137802124023,0.25,0.2,1e-05,0.1,"tensor([[[1., 0.],
         [0., 0.]],

        [[0., 1.],
         [1., 0.]],

        [[0., 0.],
         [0., 1.]]])",1.0,1000,10.0,10.0,"tensor([[[0.5000, 0.0000],
         [0.0000, 0.5700]],

        [[0.0000, 0.4800],
         [0.4500, 0.4300]],

        [[0.5000, 0.5200],
         [0.5500, 0.0000]]])",0.99,50c1df92e0effa2da7d553b06845be4b77571dd6,tests/optimize_cib.py,LOCAL,fsimoes,SAGD,gamma=0.2--ry=0.1,wCIB+penalty
ed57545da0bf4d8293e43953c2f75875,482111446679317547,FINISHED,mlflow-artifacts:/482111446679317547/ed57545da0bf4d8293e43953c2f75875/artifacts,2024-09-15 21:49:31.769000+00:00,2024-09-15 21:49:35.265000+00:00,1.5612781047821045,1.3776962757110596,-0.0,2.1208806913233573,1.3517467975616455,1.2454137802124023,1.0,0.0,0.5686734318733215,1.3697903156280518,-0.0,1.1260924339294434,2.491671323776245,1.4056390523910522,1.1260924339294434,0.25,0.2,1e-05,0.1,"tensor([[[1., 0.],
         [0., 0.]],

        [[0., 1.],
         [1., 0.]],

        [[0., 0.],
         [0., 1.]]])",1.0,1000,10.0,10.0,"tensor([[[0.3600, 0.0000],
         [0.4000, 0.2300]],

        [[0.6400, 0.4400],
         [0.6000, 0.0000]],

        [[0.0000, 0.5600],
         [0.0000, 0.7700]]])",0.99,50c1df92e0effa2da7d553b06845be4b77571dd6,tests/optimize_cib.py,LOCAL,fsimoes,SAGD,gamma=0.2--ry=0.1,wCIB+penalty
8d56aa9ddc53401da5531fb8bd91a6fb,482111446679317547,FINISHED,mlflow-artifacts:/482111446679317547/8d56aa9ddc53401da5531fb8bd91a6fb/artifacts,2024-09-15 21:49:15.262000+00:00,2024-09-15 21:49:28.051000+00:00,1.5612781047821045,1.453183650970459,1.5826690196990967,3.1439471589884906,1.3517467975616455,1.2454137802124023,1.0,0.0,-2.421438694000244e-08,1.3697903156280518,-0.0,0.016678666695952415,9.603240869182628e-06,1.5826690196990967,0.016678666695952415,0.25,0.2,1e-05,0.1,"tensor([[[1., 0.],
         [0., 0.]],

        [[0., 1.],
         [1., 0.]],

        [[0., 0.],
         [0., 1.]]])",1.0,1000,1.0,10.0,"tensor([[[0.3200, 0.3200],
         [0.3200, 0.3200]],

        [[0.3600, 0.3600],
         [0.3600, 0.3600]],

        [[0.3200, 0.3200],
         [0.3200, 0.3200]]], grad_fn=<RoundBackward1>)",0.99,50c1df92e0effa2da7d553b06845be4b77571dd6,tests/optimize_cib.py,LOCAL,fsimoes,SAGD,gamma=0.2--ry=0.1,wCIB+penalty
68fc3dd887a5458c908558c21bd79049,482111446679317547,FINISHED,mlflow-artifacts:/482111446679317547/68fc3dd887a5458c908558c21bd79049/artifacts,2024-09-15 21:48:56.442000+00:00,2024-09-15 21:49:11.482000+00:00,1.5612781047821045,1.453183650970459,1.5717246532440186,3.133002675298081,1.3517467975616455,1.2454137802124023,1.0,0.0,-3.0919909477233887e-07,1.3697903156280518,-0.0,0.016678476706147194,5.65255095352768e-06,1.5717244148254395,0.016678476706147194,0.25,0.2,1e-05,0.1,"tensor([[[1., 0.],
         [0., 0.]],

        [[0., 1.],
         [1., 0.]],

        [[0., 0.],
         [0., 1.]]])",1.0,1000,1.0,10.0,"tensor([[[0.2700, 0.2700],
         [0.2700, 0.2700]],

        [[0.3500, 0.3500],
         [0.3500, 0.3500]],

        [[0.3800, 0.3800],
         [0.3800, 0.3800]]], grad_fn=<RoundBackward1>)",0.99,50c1df92e0effa2da7d553b06845be4b77571dd6,tests/optimize_cib.py,LOCAL,fsimoes,SAGD,gamma=0.2--ry=0.1,wCIB+penalty
fe514ea7fa0b464383eb33bde196d201,482111446679317547,FINISHED,mlflow-artifacts:/482111446679317547/fe514ea7fa0b464383eb33bde196d201/artifacts,2024-09-15 21:48:38.462000+00:00,2024-09-15 21:48:52.730000+00:00,1.5612781047821045,1.453183650970459,1.5472476482391357,3.108525577568143,1.3517467975616455,1.2454137802124023,1.0,0.0,-2.421438694000244e-08,1.3697903156280518,-0.0,0.016678666695952415,6.285040399234276e-06,1.5472476482391357,0.016678666695952415,0.25,0.2,1e-05,0.1,"tensor([[[1., 0.],
         [0., 0.]],

        [[0., 1.],
         [1., 0.]],

        [[0., 0.],
         [0., 1.]]])",1.0,1000,1.0,10.0,"tensor([[[0.3000, 0.3000],
         [0.3000, 0.3000]],

        [[0.4400, 0.4400],
         [0.4400, 0.4400]],

        [[0.2600, 0.2600],
         [0.2600, 0.2600]]], grad_fn=<RoundBackward1>)",0.99,50c1df92e0effa2da7d553b06845be4b77571dd6,tests/optimize_cib.py,LOCAL,fsimoes,SAGD,gamma=0.2--ry=0.1,wCIB+penalty
70d6ebb1f8e44aec96dc9e68468298fc,482111446679317547,FINISHED,mlflow-artifacts:/482111446679317547/70d6ebb1f8e44aec96dc9e68468298fc/artifacts,2024-09-15 21:48:32.558000+00:00,2024-09-15 21:48:34.595000+00:00,1.5612781047821045,1.3517467975616455,-0.0,1.9609356074371371,1.3517467975616455,1.5612781047821045,1.0,0.0,0.9685642719268799,1.3697903156280518,-0.0,1.5612781047821045,2.4529638290405273,1.5612781047821045,1.5612781047821045,0.0,0.0,1e-05,0.1,"tensor([[[1., 0.],
         [0., 0.]],

        [[0., 1.],
         [1., 0.]],

        [[0., 0.],
         [0., 1.]]])",1.0,1000,10.0,10.0,"tensor([[[0.0000, 0.4800],
         [0.4500, 0.4300]],

        [[0.5000, 0.5200],
         [0.5500, 0.0000]],

        [[0.5000, 0.0000],
         [0.0000, 0.5700]]])",0.99,50c1df92e0effa2da7d553b06845be4b77571dd6,tests/optimize_cib.py,LOCAL,fsimoes,SAGD,gamma=0.0--ry=0.1,wCIB+penalty
0c618fb4609244f0870a3461e6edc001,482111446679317547,FINISHED,mlflow-artifacts:/482111446679317547/0c618fb4609244f0870a3461e6edc001/artifacts,2024-09-15 21:48:26.516000+00:00,2024-09-15 21:48:28.801000+00:00,1.5612781047821045,1.3517467975616455,-0.0,1.9609357266464267,1.3517467975616455,1.5612781047821045,1.0,0.0,0.9685642719268799,1.3697903156280518,-0.0,1.5612781047821045,2.4529638290405273,1.5612781047821045,1.5612781047821045,0.0,0.0,1e-05,0.1,"tensor([[[1., 0.],
         [0., 0.]],

        [[0., 1.],
         [1., 0.]],

        [[0., 0.],
         [0., 1.]]])",1.0,1000,10.0,10.0,"tensor([[[0.5000, 0.5200],
         [0.5500, 0.0000]],

        [[0.0000, 0.4800],
         [0.4500, 0.4300]],

        [[0.5000, 0.0000],
         [0.0000, 0.5700]]])",0.99,50c1df92e0effa2da7d553b06845be4b77571dd6,tests/optimize_cib.py,LOCAL,fsimoes,SAGD,gamma=0.0--ry=0.1,wCIB+penalty
98d8879ab2e54cd49991b960f42c66c7,482111446679317547,FINISHED,mlflow-artifacts:/482111446679317547/98d8879ab2e54cd49991b960f42c66c7/artifacts,2024-09-15 21:48:17.900000+00:00,2024-09-15 21:48:22.811000+00:00,1.5612781047821045,1.4017468690872192,-0.0,2.3320728144987966,1.3517467975616455,1.5612781047821045,1.0,0.0,0.91013503074646,1.3697903156280518,-0.0,1.5,2.4553682804107666,1.5,1.5,0.0,0.0,1e-05,0.1,"tensor([[[1., 0.],
         [0., 0.]],

        [[0., 1.],
         [1., 0.]],

        [[0., 0.],
         [0., 1.]]])",1.0,1000,10.0,10.0,"tensor([[[0.0000, 0.5000],
         [0.4200, 0.5000]],

        [[0.5800, 0.0000],
         [0.5800, 0.0000]],

        [[0.4200, 0.5000],
         [0.0000, 0.5000]]])",0.99,50c1df92e0effa2da7d553b06845be4b77571dd6,tests/optimize_cib.py,LOCAL,fsimoes,SAGD,gamma=0.0--ry=0.1,wCIB+penalty
5a9e9c865deb4fcb85ca682dd3f5a4d0,482111446679317547,FINISHED,mlflow-artifacts:/482111446679317547/5a9e9c865deb4fcb85ca682dd3f5a4d0/artifacts,2024-09-15 21:48:01.298000+00:00,2024-09-15 21:48:14.179000+00:00,1.5612781047821045,1.453183650970459,1.5714865922927856,3.132764739097966,1.3517467975616455,1.5612781047821045,1.0,0.0,0.0,1.3697903156280518,-0.0,0.0,7.273049050127156e-06,1.5714865922927856,0.0,0.0,0.0,1e-05,0.1,"tensor([[[1., 0.],
         [0., 0.]],

        [[0., 1.],
         [1., 0.]],

        [[0., 0.],
         [0., 1.]]])",1.0,1000,1.0,10.0,"tensor([[[0.2900, 0.2900],
         [0.2900, 0.2900]],

        [[0.3100, 0.3100],
         [0.3100, 0.3100]],

        [[0.4000, 0.4000],
         [0.4000, 0.4000]]], grad_fn=<RoundBackward1>)",0.99,50c1df92e0effa2da7d553b06845be4b77571dd6,tests/optimize_cib.py,LOCAL,fsimoes,SAGD,gamma=0.0--ry=0.1,wCIB+penalty
49940951ffbf430fb09071b7fcfa6ad4,482111446679317547,FINISHED,mlflow-artifacts:/482111446679317547/49940951ffbf430fb09071b7fcfa6ad4/artifacts,2024-09-15 21:47:43.593000+00:00,2024-09-15 21:47:56.609000+00:00,1.5612781047821045,1.453183889389038,1.5818560123443604,3.1431341233125085,1.3517467975616455,1.5612781047821045,1.0,0.0,0.0,1.3697903156280518,-0.0,0.0,7.56685585656669e-06,1.5818560123443604,0.0,0.0,0.0,1e-05,0.1,"tensor([[[1., 0.],
         [0., 0.]],

        [[0., 1.],
         [1., 0.]],

        [[0., 0.],
         [0., 1.]]])",1.0,1000,1.0,10.0,"tensor([[[0.3500, 0.3500],
         [0.3500, 0.3500]],

        [[0.3000, 0.3000],
         [0.3000, 0.3000]],

        [[0.3400, 0.3400],
         [0.3400, 0.3400]]], grad_fn=<RoundBackward1>)",0.99,50c1df92e0effa2da7d553b06845be4b77571dd6,tests/optimize_cib.py,LOCAL,fsimoes,SAGD,gamma=0.0--ry=0.1,wCIB+penalty
03ad1b33ae584d5d874309bbc8b580f2,482111446679317547,FINISHED,mlflow-artifacts:/482111446679317547/03ad1b33ae584d5d874309bbc8b580f2/artifacts,2024-09-15 21:47:24.766000+00:00,2024-09-15 21:47:38.411000+00:00,1.5612781047821045,1.4531837701797485,1.525499701499939,3.0867777934593894,1.3517467975616455,1.5612781047821045,1.0,0.0,-1.1920928955078125e-07,1.3697903156280518,-0.0,-1.1920928955078125e-07,9.086483260034584e-06,1.5254995822906494,-1.1920928955078125e-07,0.0,0.0,1e-05,0.1,"tensor([[[1., 0.],
         [0., 0.]],

        [[0., 1.],
         [1., 0.]],

        [[0., 0.],
         [0., 1.]]])",1.0,1000,1.0,10.0,"tensor([[[0.4700, 0.4700],
         [0.4700, 0.4700]],

        [[0.2600, 0.2600],
         [0.2600, 0.2600]],

        [[0.2700, 0.2700],
         [0.2700, 0.2700]]], grad_fn=<RoundBackward1>)",0.99,50c1df92e0effa2da7d553b06845be4b77571dd6,tests/optimize_cib.py,LOCAL,fsimoes,SAGD,gamma=0.0--ry=0.1,wCIB+penalty
